video_id,comment_id,video_title,channel_name,channel_id,author_name,author_channel_id,text,source_query,source_group,dataset_sources,author_handle,published_text,like_count_text,reply_count,is_pinned,viewer_rating,like_count,texto_original,texto_limpio,sentiment_label,sentiment_prob_NEG,sentiment_prob_NEU,sentiment_prob_POS
j43HgwYFKfk,Ugw-J65a1iYL9hqhELh4AaABAg,La cooptación de Walter Mazariegos en la USAC,Quorum,UCE4rsXcgDb6e1-a9iTbWzfg,@MarcosCarillo-b1r,UCdFlugHJJa4l3YqWuNRmvXw,Ese corrupto amigo de la vieja fiscal los tengo que verbose en la carcel,@quorumgt,topic,j43HgwYFKfk_out_comments.csv | quorum_complete_comments.csv | youtube_guatemala_plus_comments.csv,/@MarcosCarillo-b1r,hace 6 meses, ,0,False,,,Ese corrupto amigo de la vieja fiscal los tengo que verbose en la carcel,corrupto amigo viejo fiscal verbo él carcel,NEG,0.8077868819236755,0.14628514647483826,0.04592805355787277
06mFNPU0aB8,Ugw-ZT9t9wU2V-tCaUZ4AaABAg,Capturan a presuntos delincuentes disfrazados de mujer señalados de cometer asalto,Noti7,UCVpSRoZgngfSL03Nlbjtq9A,@RaulPerez-cw2vi,UCvl1tzQeBeGy6efPTRJXSCw,"Están jóvenes porque no buscan un trabajo,  tuvieron suerte que no hay policías que le gusta del otro vando , por ir vestido de mujer se los hubieran ensamblado la maquinaria.",guatemala noticias,topic,youtube_guatemala_comments.csv | youtube_guatemala_plus_comments.csv,/@RaulPerez-cw2vi,hace 2 semanas, ,0,False,,,"Están jóvenes porque no buscan un trabajo,  tuvieron suerte que no hay policías que le gusta del otro vando , por ir vestido de mujer se los hubieran ensamblado la maquinaria.",joven buscar trabajo tener suerte policía gustar var vestir mujer haber ensamblar maquinaria,NEG,0.9650871753692627,0.0290803462266922,0.00583250168710947
j43HgwYFKfk,Ugw0xaOb2CYXXoudtwJ4AaABAg,La cooptación de Walter Mazariegos en la USAC,Quorum,UCE4rsXcgDb6e1-a9iTbWzfg,@iamjimalesssa,UCRAquv8el-tQ30bN7MlmySQ,"Me dejaron con ganas de demandar la ilegalidad de las reuniones virtuales, esto no es una maquila",@quorumgt,topic,j43HgwYFKfk_out_comments.csv | quorum_complete_comments.csv | youtube_guatemala_plus_comments.csv,/@iamjimalesssa,hace 1 año,4,0,False,,4.0,"Me dejaron con ganas de demandar la ilegalidad de las reuniones virtuales, esto no es una maquila",dejar gana demandar ilegalidad reunión virtual maquila,NEG,0.9713771343231201,0.025966838002204895,0.002656027674674988
j43HgwYFKfk,Ugw0xgUc2ISpBr5_T654AaABAg,La cooptación de Walter Mazariegos en la USAC,Quorum,UCE4rsXcgDb6e1-a9iTbWzfg,@gonzalo6075,UCkbsS_3D-pvg1iHOld9uvIg,Veremos a este mafioso de Mazariegos en la cárcel y un buen tiempo en la sombra.,@quorumgt/videos,channel,quorum_complete_comments.csv | youtube_guatemala_plus_comments.csv,/@gonzalo6075,hace 1 año, ,0,False,,,Veremos a este mafioso de Mazariegos en la cárcel y un buen tiempo en la sombra.,ver mafioso mazariego cárcel tiempo sombra,NEG,0.7018653154373169,0.2676481008529663,0.03048655204474926
OkXlHx0hx-8,Ugw1ZzA21njWhaqQQTh4AaABAg,EE.UU. envía a mexicanos deportados a Guatemala antes de su regreso a México | Noticias Telemundo,Noticias Telemundo,UCRwA1NUcUnwsly35ikGhp0A,@luisroldan7374,UCOLHH4ZpMxPYF-Q6e6wvn5A,"eso es para que salga de USA por su propio pie 
que se auto deporten",guatemala noticias,topic,youtube_guatemala_comments.csv | youtube_guatemala_plus_comments.csv,/@luisroldan7374,hace 1 día,2,1,False,,2.0,"eso es para que salga de USA por su propio pie 
que se auto deporten",salir pie auto deportar,NEG,0.8103278875350952,0.17043110728263855,0.0192409660667181
OkXlHx0hx-8,Ugw1ZzA21njWhaqQQTh4AaABAg.Aa9Tf29tBouAaB_XZQglTL,EE.UU. envía a mexicanos deportados a Guatemala antes de su regreso a México | Noticias Telemundo,Noticias Telemundo,UCRwA1NUcUnwsly35ikGhp0A,@eugeneramirez4405,UCi2KiZq63sRq8Mfbcp-MelQ,Imagine if they had to walk back home.,guatemala noticias,topic,youtube_guatemala_comments.csv | youtube_guatemala_plus_comments.csv,/@eugeneramirez4405,hace 20 horas, ,0,False,,,Imagine if they had to walk back home.,imagine if they had to walk back home,NEU,0.3089752197265625,0.5396038889884949,0.15142084658145905
yLZS3JiEBg8,Ugw2014OIYf336oytFt4AaABAg,Arroz con pollo a la MONOPOLIO,Quorum,UCE4rsXcgDb6e1-a9iTbWzfg,@capitanfrans,UCXl30Y_upRqbti52fmjK4YA,buenísima investigacion :hand-purple-blue-peace::hand-purple-blue-peace::hand-purple-blue-peace:,@quorumgt/videos,channel,quorum_complete_comments.csv | youtube_guatemala_plus_comments.csv,/@capitanfrans,hace 2 años, ,0,False,,,buenísima investigacion :hand-purple-blue-peace::hand-purple-blue-peace::hand-purple-blue-peace:,buenísima investigacion hand purple blue peace hand purple blue peace hand purple blue peace,POS,0.02191612869501114,0.3888184428215027,0.5892653465270996
n8iP75gIpmw,Ugw2bSVOoNn2pc8ZcUl4AaABAg,Qué rico come tu diputado,Quorum,UCE4rsXcgDb6e1-a9iTbWzfg,@danyraymundo2942,UCRelkU8JiZBytTzebJxaa-w,"Lleven su lonchera, sacrifiquense un poco. Y reintevren ese dinero. O están robando.",@quorumgt/videos,channel,quorum_complete_comments.csv | youtube_guatemala_plus_comments.csv,/@danyraymundo2942,hace 2 años,3,0,False,,3.0,"Lleven su lonchera, sacrifiquense un poco. Y reintevren ese dinero. O están robando.",llevar lonchera sacrifiquensar reintevren dinero robar,NEG,0.583547055721283,0.37668606638908386,0.03976689279079437
lj983NWyAQY,Ugw3gnUvLp6AqO0_odt4AaABAg,Plan 2032 Ciudad de Guatemala,Municipalidad de Guatemala,UCXa6LVjBzUtmcM3cwbd9e2w,@perritojuega1,UCgLurCo-e019HGODcjXHWCw,Viva Guatemala 🇬🇹🇬🇹🇬🇹🥳🥳🥳,Municipalidad de Guatemala,topic,lj983NWyAQY_out_comments.csv | youtube_guatemala_plus_comments.csv,/@perritojuega1,hace 5 años,2,0,False,,2.0,Viva Guatemala 🇬🇹🇬🇹🇬🇹🥳🥳🥳,vivo guatemala,NEU,0.1579451560974121,0.6771426200866699,0.16491220891475677
n8iP75gIpmw,Ugw4C1ijI36l6LAiSZh4AaABAg,Qué rico come tu diputado,Quorum,UCE4rsXcgDb6e1-a9iTbWzfg,@lizardomorataya8274,UCDIMztpVm7G27qBuiWuT6oQ,LADRONES !!!!,@quorumgt/videos,channel,quorum_complete_comments.csv | youtube_guatemala_plus_comments.csv,/@lizardomorataya8274,hace 2 años, ,0,False,,,LADRONES !!!!,ladrón,NEG,0.5815947651863098,0.28984203934669495,0.12856318056583405
ndAZjHqzzT8,Ugw4St_YnT9_Ya5xSPt4AaABAg,Internet: escoger el menos malo,Quorum,UCE4rsXcgDb6e1-a9iTbWzfg,@daniloarevalo3170,UCZOmq6MwFDVoCaEl99BRRaw,"Otro pequeño truco es que tenés un plan mensual de Gb y redes ilimitadas y luego te mandan mensaje que consumiste el 95% de tu plan y ahi viene el caos verificas el consumo de tus datos y solo has utilizado redes, con un mínimo de internet y por ende hay que hacer una recarga adicional,,, porque vas a averiguar y solo te dicen que sí consumiste tus datos y ya,,,,a recargar,,un negoció redondo para ambas empresas 🤮🤮😠😠💵💵",@quorumgt/videos,channel,quorum_complete_comments.csv | youtube_guatemala_plus_comments.csv,/@daniloarevalo3170,hace 1 año, ,0,False,,,"Otro pequeño truco es que tenés un plan mensual de Gb y redes ilimitadas y luego te mandan mensaje que consumiste el 95% de tu plan y ahi viene el caos verificas el consumo de tus datos y solo has utilizado redes, con un mínimo de internet y por ende hay que hacer una recarga adicional,,, porque vas a averiguar y solo te dicen que sí consumiste tus datos y ya,,,,a recargar,,un negoció redondo para ambas empresas 🤮🤮😠😠💵💵",pequeño truco tenés plan mensual gb red ilimitado mandan mensaje consumistir plan venir caos verifica consumo dato haber utilizar red mínimo internet ende recarga adicional ir averiguar consumistir dato recargar negoció redondo ambos empresa,NEG,0.9142566919326782,0.0802498608827591,0.005493389442563057
6W4u8sGEnGM,Ugw4ccnmIWJaE6VNRWN4AaABAg,Inician los trabajos de recuperación del Puente Belice II.,Gobierno de la República de Guatemala,UC-ZtFBHzgkYFh7whZkuR_Ag,@vitalianochavez8382,UCFybmWapGvBKcQod7cPPH9w,Que bien que cambio de nombre,Gobierno de la República de Guatemala,topic,youtube_guatemala_plus_comments.csv | youtube_lab_targets_small_comments.csv,/@vitalianochavez8382,hace 5 días,1,0,False,,1.0,Que bien que cambio de nombre,cambio nombre,POS,0.02498355321586132,0.07526611536741257,0.8997503519058228
n8iP75gIpmw,Ugw5E402-fn52PLXFIJ4AaABAg,Qué rico come tu diputado,Quorum,UCE4rsXcgDb6e1-a9iTbWzfg,@andyB5280,UCh5ESQvtzyHDhCA7XyekCFA,Tiene un poquito de oro y no habla como resolver los problemas .,@quorumgt/videos,channel,quorum_complete_comments.csv | youtube_guatemala_plus_comments.csv,/@andyB5280,hace 2 años, ,0,False,,,Tiene un poquito de oro y no habla como resolver los problemas .,poquito oro resolver problema,NEG,0.7196911573410034,0.25525036454200745,0.025058379396796227
n8iP75gIpmw,Ugw5URsiAF9QVoniY-l4AaABAg,Qué rico come tu diputado,Quorum,UCE4rsXcgDb6e1-a9iTbWzfg,@cesarandreas7824,UCWIZUtKJ636y-4TYrNvok0g,"Si a los diputados no les alcanza el sueldo que se busquen otro trabajo,  ya sea de los departamentos o de la capital.",@quorumgt/videos,channel,quorum_complete_comments.csv | youtube_guatemala_plus_comments.csv,/@cesarandreas7824,hace 2 años,5,0,False,,5.0,"Si a los diputados no les alcanza el sueldo que se busquen otro trabajo,  ya sea de los departamentos o de la capital.",diputado alcanzar sueldo buscar trabajo departamento capital,NEG,0.8866134285926819,0.1064339354634285,0.006952662952244282
n8iP75gIpmw,Ugw5xMAuDaygo77ynI94AaABAg,Qué rico come tu diputado,Quorum,UCE4rsXcgDb6e1-a9iTbWzfg,@jor77cas,UCzoL2l5H5eVlorWGH8AZfAg,"Lamentable son las EXCUSAS,  reclama que porque no se ve el trabajo que realizan, sueldon para que se costeen sus propios alimentos, pero tienen que ir a restaurantes de lujo y el PUEBLO luchando para llevar un pan a su mesa, muchos ni a eso llegan  ...",@quorumgt/videos,channel,quorum_complete_comments.csv | youtube_guatemala_plus_comments.csv,/@jor77cas,hace 2 años (editado),6,0,False,,6.0,"Lamentable son las EXCUSAS,  reclama que porque no se ve el trabajo que realizan, sueldon para que se costeen sus propios alimentos, pero tienen que ir a restaurantes de lujo y el PUEBLO luchando para llevar un pan a su mesa, muchos ni a eso llegan  ...",lamentable excusa reclamar ver trabajo realizar sueldon costear alimento restaurante lujo pueblo luchar pan mesa llegar,NEG,0.9809203147888184,0.01599312014877796,0.00308650778606534
TT4qJ5FXHYE,Ugw6cfXYfV4H-asKlDR4AaABAg,"I’x K’at: el primer equipo guatemalteco de pelota maya, conformado únicamente por mujeres.",Quorum,UCE4rsXcgDb6e1-a9iTbWzfg,@rotorairgroup8409,UCKVzDUqbtdSMBcexaEtMmzQ,No se ve un deporte dinamico ni entretenido. El trasfondo de este juego era bastante macabro y refleja la oscuridad de las culturas pre colombinas en America. No le encuentro sentido a recrear algo tan negativo y arcaico.,@quorumgt/videos,channel,quorum_complete_comments.csv | youtube_guatemala_plus_comments.csv,/@rotorairgroup8409,hace 2 años, ,0,False,,,No se ve un deporte dinamico ni entretenido. El trasfondo de este juego era bastante macabro y refleja la oscuridad de las culturas pre colombinas en America. No le encuentro sentido a recrear algo tan negativo y arcaico.,ver deporte dinamico entretenido trasfondo juego macabro reflejar oscuridad cultura pre colombina america encontrar sentido recrear negativo arcaico,NEG,0.97502201795578,0.021452879533171654,0.003525072243064642
j43HgwYFKfk,Ugw74asIfir0_SVC6OB4AaABAg,La cooptación de Walter Mazariegos en la USAC,Quorum,UCE4rsXcgDb6e1-a9iTbWzfg,@eustaquiogomez9975,UCNpt5CQlTzNjlAKY6CJtClQ,Denle golpe universitario (de estado). Lo puede hacer el CSU?,@quorumgt/videos,channel,quorum_complete_comments.csv | youtube_guatemala_plus_comments.csv,/@eustaquiogomez9975,hace 1 año, ,0,False,,,Denle golpe universitario (de estado). Lo puede hacer el CSU?,denle golpe universitario csu,NEU,0.29836466908454895,0.6854532957077026,0.016182081773877144
n8iP75gIpmw,Ugw86zOgTwKzYotlT9l4AaABAg,Qué rico come tu diputado,Quorum,UCE4rsXcgDb6e1-a9iTbWzfg,@yeniferaguirre4498,UCut6b9S98nv84cVX89PmKzA,Y el pueblo muriéndose de hambre muchas madres de familia ganando 50 quetzales al día y en algunos departamentos solo ganan 30 te voy a dar mención una aldea llamada el jabalí 30 quetzales al día gana algunas personas ganan 300 quetzales a la semana fiestas sanguijuelas se los comieron en un almuerzo,@quorumgt/videos,channel,quorum_complete_comments.csv | youtube_guatemala_plus_comments.csv,/@yeniferaguirre4498,hace 2 años,1,0,False,,1.0,Y el pueblo muriéndose de hambre muchas madres de familia ganando 50 quetzales al día y en algunos departamentos solo ganan 30 te voy a dar mención una aldea llamada el jabalí 30 quetzales al día gana algunas personas ganan 300 quetzales a la semana fiestas sanguijuelas se los comieron en un almuerzo,pueblo morir él hambre madre familia ganar quetzales departamento ganar mención aldea llamado jabalí quetzal ganar persona ganar quetzales semana fiesta sanguijuela comer almuerzo,NEG,0.9045087099075317,0.08896279335021973,0.006528517697006464
j43HgwYFKfk,Ugw8iZ_G2Cwq-9ZYctt4AaABAg,La cooptación de Walter Mazariegos en la USAC,Quorum,UCE4rsXcgDb6e1-a9iTbWzfg,@aguilar4254,UCQyOePccUP-fIJYzchAgZYw,"Pues son muchos los alumnos hay que unirse se han quedado con la pata del Walter en el cuello, fuera hay que sacarlos",@quorumgt/videos,channel,quorum_complete_comments.csv | youtube_guatemala_plus_comments.csv,/@aguilar4254,hace 6 meses, ,0,False,,,"Pues son muchos los alumnos hay que unirse se han quedado con la pata del Walter en el cuello, fuera hay que sacarlos",alumno unir él quedar pata walter cuello sacar él,NEG,0.9448848962783813,0.04358530044555664,0.011529767885804176
n8iP75gIpmw,Ugw8pyxscJNUQpfoKuF4AaABAg,Qué rico come tu diputado,Quorum,UCE4rsXcgDb6e1-a9iTbWzfg,@welfrealdana5559,UCOLGv5Pf6BF2wFcwUzgcvHg,Todos lis que trabajan en la capital pagamos apartamento y no tenemos carro y gasolina gratis,@quorumgt/videos,channel,quorum_complete_comments.csv | youtube_guatemala_plus_comments.csv,/@welfrealdana5559,hace 2 años,4,0,False,,4.0,Todos lis que trabajan en la capital pagamos apartamento y no tenemos carro y gasolina gratis,li trabajar capital pagar apartamento carro gasolina gratis,NEG,0.7940723896026611,0.1953148990869522,0.010612690821290016
06mFNPU0aB8,Ugw9_Qw_QaSdggWuKJt4AaABAg,Capturan a presuntos delincuentes disfrazados de mujer señalados de cometer asalto,Noti7,UCVpSRoZgngfSL03Nlbjtq9A,@ruddydepaz322,UCAxvOOHQk7dYPOajzFEVtbA,Las dos se ubieran vestido de rosita con tacones y medias.Dia y noche no les ba faltar de todos calibres .delen una bolsa de pintalabios también .,guatemala noticias,topic,youtube_guatemala_comments.csv | youtube_guatemala_plus_comments.csv,/@ruddydepaz322,hace 2 semanas, ,0,False,,,Las dos se ubieran vestido de rosita con tacones y medias.Dia y noche no les ba faltar de todos calibres .delen una bolsa de pintalabios también .,ubeír vestido rosita tacón media noche ba faltar calibre delar bolsa pintalabio,NEU,0.12265998125076294,0.8152612447738647,0.062078807502985
n8iP75gIpmw,Ugw9eye2GML6RHRSu-14AaABAg,Qué rico come tu diputado,Quorum,UCE4rsXcgDb6e1-a9iTbWzfg,@MegaKristenstewart,UCQ_-LPP8JAbfkc-b1Q6NvWw,La gente muriendose de hambre y esos ladrones comiendo de maravilla que verguenza...,@quorumgt/videos,channel,quorum_complete_comments.csv | youtube_guatemala_plus_comments.csv,/@MegaKristenstewart,hace 2 años,31,0,False,,31.0,La gente muriendose de hambre y esos ladrones comiendo de maravilla que verguenza...,gente morir él hambre ladrón comer maravilla verguenzar,NEG,0.9528023600578308,0.03727799281477928,0.009919601492583752
lj983NWyAQY,UgwA5aTmgACLCuTUT494AaABAg,Plan 2032 Ciudad de Guatemala,Municipalidad de Guatemala,UCXa6LVjBzUtmcM3cwbd9e2w,@melvinperez6710,UCXmrpc6Li0spcKxtS0Q_ptg,Guatemala nunca se tube que llamar guatemala dino guatebella guatehermosa guatelinda la eterna primavera es guatebella abrazos hnos de un salvadoreno que viva el amor y la armonia,Municipalidad de Guatemala,topic,lj983NWyAQY_out_comments.csv | youtube_guatemala_plus_comments.csv,/@melvinperez6710,hace 6 años,10,0,False,,10.0,Guatemala nunca se tube que llamar guatemala dino guatebella guatehermosa guatelinda la eterna primavera es guatebella abrazos hnos de un salvadoreno que viva el amor y la armonia,guatemala tubar llamar guatemala dino guatebella guatehermós guatelinda eterno primavera guatebello abrazo hno salvadoreno vivir amor armonia,POS,0.010685127228498459,0.13139790296554565,0.8579169511795044
n8iP75gIpmw,UgwARHTnVAzzPrHbNox4AaABAg,Qué rico come tu diputado,Quorum,UCE4rsXcgDb6e1-a9iTbWzfg,@belvettzapeta1251,UCZ51R_9Q9C0c8I3pAWhtmjQ,Me parece excelente esta entrevista,@quorumgt/videos,channel,quorum_complete_comments.csv | youtube_guatemala_plus_comments.csv,/@belvettzapeta1251,hace 2 años,8,0,False,,8.0,Me parece excelente esta entrevista,excelente entrevista,POS,0.0029452971648424864,0.023275956511497498,0.9737788438796997
X_FAIef8qlE,UgwBIwUPLGxEWAu3Mh14AaABAg,Cruzando la ciudad a puro Transmetro,Quorum,UCE4rsXcgDb6e1-a9iTbWzfg,@elizabethmonterroso7719,UCPLW0HE3siElqCgXfgWxMqg,"¿Como se subscribe uno al boletín informativo? 
Yo intenté desde la pagina web pero  los teléfonos que tienen colocados  dice telgua que no existen. Y WhatsApp igual dice que ese teléfono no existe.",@quorumgt/videos,channel,quorum_complete_comments.csv | youtube_guatemala_plus_comments.csv,/@elizabethmonterroso7719,hace 5 meses, ,0,False,,,"¿Como se subscribe uno al boletín informativo? 
Yo intenté desde la pagina web pero  los teléfonos que tienen colocados  dice telgua que no existen. Y WhatsApp igual dice que ese teléfono no existe.",subscribir boletín informativo intentar pagina web teléfono colocado telguo whatsapp teléfono,NEG,0.891575276851654,0.10505612939596176,0.0033685259986668825
OkXlHx0hx-8,UgwCW5PErySUmwse3bZ4AaABAg,EE.UU. envía a mexicanos deportados a Guatemala antes de su regreso a México | Noticias Telemundo,Noticias Telemundo,UCRwA1NUcUnwsly35ikGhp0A,@WilR-s8r,UCxhtlxPV8AYWaNNyU6S9H8Q,Pero hay que ver el lado bueno si los deportan por la Frontera los carteles los secuestran para sacar dinero a los familiares en USA,guatemala noticias,topic,youtube_guatemala_comments.csv | youtube_guatemala_plus_comments.csv,/@WilR-s8r,hace 1 día, ,0,False,,,Pero hay que ver el lado bueno si los deportan por la Frontera los carteles los secuestran para sacar dinero a los familiares en USA,deportar frontera cartel secuestrar sacar dinero familiar,NEU,0.4655870497226715,0.4727417826652527,0.06167114898562431
yLZS3JiEBg8,UgwCfRlzeiXz172UQQV4AaABAg,Arroz con pollo a la MONOPOLIO,Quorum,UCE4rsXcgDb6e1-a9iTbWzfg,@hashojea7348,UCvcu1kR8xMYy_I1Ty-2mV2Q,"Este video debe llegar a muchas personas, es muy buena información",@quorumgt/videos,channel,quorum_complete_comments.csv | youtube_guatemala_plus_comments.csv,/@hashojea7348,hace 2 años, ,0,False,,,"Este video debe llegar a muchas personas, es muy buena información",video llegar persona información,POS,0.0028262652922421694,0.035511862486600876,0.9616618156433105
j43HgwYFKfk,UgwCw9bhAw6suYQfCWx4AaABAg,La cooptación de Walter Mazariegos en la USAC,Quorum,UCE4rsXcgDb6e1-a9iTbWzfg,@josecastillo4390,UCaKAjTW9MVub_clgr4DRYjQ,Qué lujooo de contenidooooo 🔥,@quorumgt,topic,j43HgwYFKfk_out_comments.csv | quorum_complete_comments.csv | youtube_guatemala_plus_comments.csv,/@josecastillo4390,hace 1 año,6,0,False,,6.0,Qué lujooo de contenidooooo 🔥,lujooo contenidooooo,POS,0.030621491372585297,0.2022065669298172,0.7671719789505005
n8iP75gIpmw,UgwEOUk-ofXNqkHW5Cx4AaABAg,Qué rico come tu diputado,Quorum,UCE4rsXcgDb6e1-a9iTbWzfg,@markoherrera,UCxff05WuyvwELNITi7bj7UA,"Desde que dijo que qué hacían los periodistas por el país lo deje de escuchar, no me quiero picar el hígado",@quorumgt/videos,channel,quorum_complete_comments.csv | youtube_guatemala_plus_comments.csv,/@markoherrera,hace 2 años,3,0,False,,3.0,"Desde que dijo que qué hacían los periodistas por el país lo deje de escuchar, no me quiero picar el hígado",hacer periodista país dejar escuchar querer picar hígado,NEG,0.9598259329795837,0.03720341622829437,0.002970670582726598
n8iP75gIpmw,UgwEQHx8Ik7SbxBTQ914AaABAg,Qué rico come tu diputado,Quorum,UCE4rsXcgDb6e1-a9iTbWzfg,@SoniaMarroquin-y6e,UCZLG9qH0tUjNhEGFIUt0CYw,Otros nuevos corruptos,@quorumgt/videos,channel,quorum_complete_comments.csv | youtube_guatemala_plus_comments.csv,/@SoniaMarroquin-y6e,hace 2 años,1,0,False,,1.0,Otros nuevos corruptos,corrupto,NEU,0.35485905408859253,0.5239256024360657,0.1212153509259224
j43HgwYFKfk,UgwEjfj5ueeimHg-Hbt4AaABAg,La cooptación de Walter Mazariegos en la USAC,Quorum,UCE4rsXcgDb6e1-a9iTbWzfg,@armindapenados2841,UCwgCc9Jd_gG-uLE_SY-FfPg,¡¡¡La USAC NO tiene rector sólo un usurpador!!!,@quorumgt/videos,channel,quorum_complete_comments.csv | youtube_guatemala_plus_comments.csv,/@armindapenados2841,hace 1 año, ,0,False,,,¡¡¡La USAC NO tiene rector sólo un usurpador!!!,usac rector usurpador,NEG,0.8794482946395874,0.10442866384983063,0.01612294279038906
n8iP75gIpmw,UgwG3XiEgFlHKtrtTqd4AaABAg,Qué rico come tu diputado,Quorum,UCE4rsXcgDb6e1-a9iTbWzfg,@JacintaTzoy,UCXSkL3ejZ8qWYyF_M7s_QKA,"Entoces las mismas 💩😡 Junta Directiva haciéndose de las suyas con el dinero del Estado. Ya basta de tanto robo, barriles sin fondos..💩😡",@quorumgt/videos,channel,quorum_complete_comments.csv | youtube_guatemala_plus_comments.csv,/@JacintaTzoy,hace 2 años, ,0,False,,,"Entoces las mismas 💩😡 Junta Directiva haciéndose de las suyas con el dinero del Estado. Ya basta de tanto robo, barriles sin fondos..💩😡",entoz junta directivo hacer él dinero bastar robo barril fondo,NEG,0.9689444899559021,0.027760880067944527,0.0032945990096777678
n8iP75gIpmw,UgwGm1V-_GN1ZPcijdl4AaABAg,Qué rico come tu diputado,Quorum,UCE4rsXcgDb6e1-a9iTbWzfg,@byronpontaza,UChs3tU2BcKOT0CezykvAsGw,"Eso es lo que yo no entiendo de los periodistas, porque ahora atacan con tanto entusiasmo estas cosas, en el gobierno anterior estuvieron callados, o en ese tiempo también ellos recibían sus pagos",@quorumgt/videos,channel,quorum_complete_comments.csv | youtube_guatemala_plus_comments.csv,/@byronpontaza,hace 2 años,2,0,False,,2.0,"Eso es lo que yo no entiendo de los periodistas, porque ahora atacan con tanto entusiasmo estas cosas, en el gobierno anterior estuvieron callados, o en ese tiempo también ellos recibían sus pagos",entender periodista atacar entusiasmo cosa gobierno estar callado tiempo recibir pago,NEG,0.9338314533233643,0.06275979429483414,0.003408808261156082
n8iP75gIpmw,UgwHY5LtTiQ0lBONp8N4AaABAg,Qué rico come tu diputado,Quorum,UCE4rsXcgDb6e1-a9iTbWzfg,@johnmejia992,UC6PvO1_k5lHKGdAPo5_C6TA,"Tanto mierda este programa... tiene razón pero 
Y porque no le tira así a los corruptos",@quorumgt/videos,channel,quorum_complete_comments.csv | youtube_guatemala_plus_comments.csv,/@johnmejia992,hace 2 años,1,0,False,,1.0,"Tanto mierda este programa... tiene razón pero 
Y porque no le tira así a los corruptos",mierda programa razón tirar corrupto,NEG,0.9452115893363953,0.046043191105127335,0.008745270781219006
6W4u8sGEnGM,UgwIB06iEQnFOFLc9et4AaABAg,Inician los trabajos de recuperación del Puente Belice II.,Gobierno de la República de Guatemala,UC-ZtFBHzgkYFh7whZkuR_Ag,@vic-bonivideos,UCwxoKK59nGCeBqB2sXfDBIw,"Indignante COMO EXISTEN unos GUATEMALTECOS ESTÚPIDOS , los PROYECTOS, SON PROYECTOS DE ESTADOS no de PARTIDOS POLÍTICOS, lo que hubiera estado HACIENDO EL ZURDO PRESIDENTE era INAURANDO su CONSTRUCCIÓN no reempezar lo que hace 3 años empezó así como el el puente Roosevelt no tuvo ningún cambio fue lo que ya estaba expuesto, lo que sucede que siempre llega otro delincuente y quiere su mordida ese PROSUPUESTO YA ESTABA ECHO ..",Gobierno de la República de Guatemala,topic,youtube_guatemala_plus_comments.csv | youtube_lab_targets_small_comments.csv,/@vic-bonivideos,hace 6 días, ,1,False,,,"Indignante COMO EXISTEN unos GUATEMALTECOS ESTÚPIDOS , los PROYECTOS, SON PROYECTOS DE ESTADOS no de PARTIDOS POLÍTICOS, lo que hubiera estado HACIENDO EL ZURDO PRESIDENTE era INAURANDO su CONSTRUCCIÓN no reempezar lo que hace 3 años empezó así como el el puente Roosevelt no tuvo ningún cambio fue lo que ya estaba expuesto, lo que sucede que siempre llega otro delincuente y quiere su mordida ese PROSUPUESTO YA ESTABA ECHO ..",indignante guatemalteco estúpido proyecto proyecto partido político haber zurdo presidente inaurar construcción reempezar año empezar puente roosevelt cambio expuesto suceder llegar delincuente mordida prosupuesto echo,NEG,0.9623077511787415,0.0331093892455101,0.004582863766700029
6W4u8sGEnGM,UgwIB06iEQnFOFLc9et4AaABAg.Aa-0m2jDJt2Aa42DVzs9Zy,Inician los trabajos de recuperación del Puente Belice II.,Gobierno de la República de Guatemala,UC-ZtFBHzgkYFh7whZkuR_Ag,@hectormaaz5523,UCWaRixDdpgllTBf4V0jPnKQ,Tantos.que empezaron y no llegaron ni siquiera a la mitad puentes donde no hay Rio para robar el dinero y este presidente llegó para hacer algo diferente y eso que no vote por el pues tampoco he cotado por los corruptos pero a este presente si votaría por el si fuera posible,Gobierno de la República de Guatemala,topic,youtube_guatemala_plus_comments.csv | youtube_lab_targets_small_comments.csv,/@hectormaaz5523,hace 4 días (editado), ,0,False,,,Tantos.que empezaron y no llegaron ni siquiera a la mitad puentes donde no hay Rio para robar el dinero y este presidente llegó para hacer algo diferente y eso que no vote por el pues tampoco he cotado por los corruptos pero a este presente si votaría por el si fuera posible,tanto empezar llegar siquiera mitad puente rio robar dinero presidente votar cotar corrupto presente votar,NEG,0.8334046006202698,0.13863982260227203,0.027955608442425728
j43HgwYFKfk,UgwIBBqN6fh6MURkwkN4AaABAg,La cooptación de Walter Mazariegos en la USAC,Quorum,UCE4rsXcgDb6e1-a9iTbWzfg,@HectorElias-u2l,UCkVtmkK07b2zaVVNssX4lOg,"Mucha importancia le dan a éste ladrón maldito,",@quorumgt,topic,j43HgwYFKfk_out_comments.csv | quorum_complete_comments.csv | youtube_guatemala_plus_comments.csv,/@HectorElias-u2l,hace 6 meses, ,0,False,,,"Mucha importancia le dan a éste ladrón maldito,",importancia ladrón maldito,NEG,0.9712888598442078,0.022601787000894547,0.006109339185059071
n8iP75gIpmw,UgwIiqrp6EYNoFmnBAR4AaABAg,Qué rico come tu diputado,Quorum,UCE4rsXcgDb6e1-a9iTbWzfg,@carlosmedranovelasquez6380,UCN6qbfPSzFtjhqUDZ3Cv3CQ,"O sea que si es válido que se den sus gustos con el dinero de los guatemaltecos, es una sinverguenzada, para eso tienen jugosos salarios no le roben al pueblo",@quorumgt/videos,channel,quorum_complete_comments.csv | youtube_guatemala_plus_comments.csv,/@carlosmedranovelasquez6380,hace 2 años,2,0,False,,2.0,"O sea que si es válido que se den sus gustos con el dinero de los guatemaltecos, es una sinverguenzada, para eso tienen jugosos salarios no le roben al pueblo",válido dar gusto dinero guatemalteco sinverguenzado jugoso salario robir pueblo,NEG,0.9209767580032349,0.0625554546713829,0.016467783600091934
j43HgwYFKfk,UgwIlv8gtF3WKYfHSJJ4AaABAg,La cooptación de Walter Mazariegos en la USAC,Quorum,UCE4rsXcgDb6e1-a9iTbWzfg,@lisss1908,UC95PSMouTx2N5CbSq0hIyrQ,😮,@quorumgt/videos,channel,quorum_complete_comments.csv | youtube_guatemala_plus_comments.csv,/@lisss1908,hace 1 año, ,0,False,,,😮,,NEU,0.2560139298439026,0.7021539211273193,0.04183214530348778
n8iP75gIpmw,UgwJ4UehO5E4j0niJU14AaABAg,Qué rico come tu diputado,Quorum,UCE4rsXcgDb6e1-a9iTbWzfg,@fredydomingo7062,UCueV9cTyTDwgQSec1x2dYgA,😂😂😂😂solo pajas😅😅que político gasta su dinero por el país,@quorumgt/videos,channel,quorum_complete_comments.csv | youtube_guatemala_plus_comments.csv,/@fredydomingo7062,hace 1 año, ,0,False,,,😂😂😂😂solo pajas😅😅que político gasta su dinero por el país,paja político gastar dinero país,NEG,0.6899163126945496,0.2889024019241333,0.02118130400776863
n8iP75gIpmw,UgwJMFYT7I9czw_oa0V4AaABAg,Qué rico come tu diputado,Quorum,UCE4rsXcgDb6e1-a9iTbWzfg,@ManuelEdran,UC5H8ASmMC9WrURmzeB4ySog,No es el tema centrese y aclare...,@quorumgt/videos,channel,quorum_complete_comments.csv | youtube_guatemala_plus_comments.csv,/@ManuelEdran,hace 2 años,1,0,False,,1.0,No es el tema centrese y aclare...,tema centrese aclare,NEU,0.12742027640342712,0.7868338227272034,0.0857459157705307
n8iP75gIpmw,UgwJN55EmMcKPRb_AfB4AaABAg,Qué rico come tu diputado,Quorum,UCE4rsXcgDb6e1-a9iTbWzfg,@fredymendez1786,UCHhHUjaMAZ8SiXdCUCj9DkQ,hay cosas que yo no entiendo de Guatemala que a mi suena ilogico. Dandole almuerzos gratis a funcionarios publico? a poco no es suficiente con todos los robos que hacen aparte de los salarios incontables que tienen. Porque no crean un fondo mas para las escuelas para que los niños desnutridos que seria de gran ayuda para los padres.,@quorumgt/videos,channel,quorum_complete_comments.csv | youtube_guatemala_plus_comments.csv,/@fredymendez1786,hace 2 años,1,0,False,,1.0,hay cosas que yo no entiendo de Guatemala que a mi suena ilogico. Dandole almuerzos gratis a funcionarios publico? a poco no es suficiente con todos los robos que hacen aparte de los salarios incontables que tienen. Porque no crean un fondo mas para las escuelas para que los niños desnutridos que seria de gran ayuda para los padres.,cosa entender guatemala suena ilogico dar él almuerzo gratis funcionario publico suficiente robo aparte salario incontabl crear fondo escuela niño desnutrido seriar ayuda padre,NEG,0.9748119711875916,0.021795833483338356,0.003392218379303813
n8iP75gIpmw,UgwKjHT5lyjLiqR9ym94AaABAg,Qué rico come tu diputado,Quorum,UCE4rsXcgDb6e1-a9iTbWzfg,@fredygarcia9151,UCgvw7xIdGFupzpt1Y_BFkEA,Si hacen algo bueno para guate es por eso que se les paga.,@quorumgt/videos,channel,quorum_complete_comments.csv | youtube_guatemala_plus_comments.csv,/@fredygarcia9151,hace 2 años,1,0,False,,1.0,Si hacen algo bueno para guate es por eso que se les paga.,guate pagar,POS,0.10073620826005936,0.20323234796524048,0.6960314512252808
j43HgwYFKfk,UgwL_UlN82zRUeNgVDh4AaABAg,La cooptación de Walter Mazariegos en la USAC,Quorum,UCE4rsXcgDb6e1-a9iTbWzfg,@EdgarcalderonCalderong,UCeDNEtI8_a42bZ47wJiJMwQ,SECUESTRADOR DE LA U DE SAN CARLOS,@quorumgt/videos,channel,quorum_complete_comments.csv | youtube_guatemala_plus_comments.csv,/@EdgarcalderonCalderong,hace 1 año, ,0,False,,,SECUESTRADOR DE LA U DE SAN CARLOS,secuestrador san carlos,NEU,0.39244961738586426,0.5653051733970642,0.04224521666765213
6W4u8sGEnGM,UgwMfCTNaiukOxMqfON4AaABAg,Inician los trabajos de recuperación del Puente Belice II.,Gobierno de la República de Guatemala,UC-ZtFBHzgkYFh7whZkuR_Ag,@mariogonzalezorellana8956,UCiOZX__1gahg1ypIj0_XG_w,Pero ya enseña,Gobierno de la República de Guatemala,topic,youtube_guatemala_plus_comments.csv | youtube_lab_targets_small_comments.csv,/@mariogonzalezorellana8956,hace 6 días,1,0,False,,1.0,Pero ya enseña,enseño,NEU,0.08136382699012756,0.7566092610359192,0.16202688217163086
j43HgwYFKfk,UgwNvErOoJ_qRYF6TB94AaABAg,La cooptación de Walter Mazariegos en la USAC,Quorum,UCE4rsXcgDb6e1-a9iTbWzfg,@Lyrics_GT,UCqCrvuoJpC-aVb0f4logQRQ,"Es una buena universidad, ahí estudio mi hermano, sin embargo es una universidad manchada por los malditos rojos, los asquerosos Comunistas que salen a manifestar en la huelga.",@quorumgt/videos,channel,quorum_complete_comments.csv | youtube_guatemala_plus_comments.csv,/@Lyrics_GT,hace 1 año, ,0,False,,,"Es una buena universidad, ahí estudio mi hermano, sin embargo es una universidad manchada por los malditos rojos, los asquerosos Comunistas que salen a manifestar en la huelga.",universidad estudiar hermano universidad manchado maldito rojo asqueroso comunista salir manifestar huelga,NEG,0.8715702891349792,0.08935917168855667,0.039070453494787216
TT4qJ5FXHYE,UgwO8kzHC551ofxNYCV4AaABAg,"I’x K’at: el primer equipo guatemalteco de pelota maya, conformado únicamente por mujeres.",Quorum,UCE4rsXcgDb6e1-a9iTbWzfg,@sarahernandez3873,UCld2stqxaVSk0QdGncM224A,¡Que excelente iniciativa y equipo de emprendimeitno por rescatar las tradiciones de Guatemala! Esperamos que puedan seguir avanzando y que este juego se vuelva algo mucho más popular entre las nuevas generaciones. ¡Bravo!,@quorumgt/videos,channel,quorum_complete_comments.csv | youtube_guatemala_plus_comments.csv,/@sarahernandez3873,hace 4 años,4,0,False,,4.0,¡Que excelente iniciativa y equipo de emprendimeitno por rescatar las tradiciones de Guatemala! Esperamos que puedan seguir avanzando y que este juego se vuelva algo mucho más popular entre las nuevas generaciones. ¡Bravo!,excelente iniciativa equipo emprendimeitno rescatar tradición guatemala esperar poder seguir avanzar juego volver popular generación bravo,POS,0.0044542644172906876,0.025670377537608147,0.9698753356933594
n8iP75gIpmw,UgwPCZZx2gI444cg2AV4AaABAg,Qué rico come tu diputado,Quorum,UCE4rsXcgDb6e1-a9iTbWzfg,@VidalVillatoro-p4w,UCpIdtvoFHVLGASGB5ySqIEA,Este diputado no deja  hablar a los periodistas  y trata de confundir a la población con sus respuestas justificando las armadas que se da con el dinero del pu3blo,@quorumgt/videos,channel,quorum_complete_comments.csv | youtube_guatemala_plus_comments.csv,/@VidalVillatoro-p4w,hace 2 años,1,0,False,,1.0,Este diputado no deja  hablar a los periodistas  y trata de confundir a la población con sus respuestas justificando las armadas que se da con el dinero del pu3blo,diputado dejar hablar periodista confundir población respuesta justificar armada dinero pu3blo,NEG,0.9737553000450134,0.021440228447318077,0.004804516676813364
OkXlHx0hx-8,UgwRLgDGrh-_TEVNOYh4AaABAg,EE.UU. envía a mexicanos deportados a Guatemala antes de su regreso a México | Noticias Telemundo,Noticias Telemundo,UCRwA1NUcUnwsly35ikGhp0A,@Paul-gf7ec,UCtiHFjFu7d5v2XxHnKFUYig,También hay personas que se hacen pasar por mexicanos para que los deporté a México y regresar más rápido a Usa,guatemala noticias,topic,youtube_guatemala_comments.csv | youtube_guatemala_plus_comments.csv,/@Paul-gf7ec,hace 1 día, ,0,False,,,También hay personas que se hacen pasar por mexicanos para que los deporté a México y regresar más rápido a Usa,persona pasar mexicano deportar méxico regresar rápido,NEU,0.2297707498073578,0.7296841740608215,0.040545158088207245
zweosulrwA8,UgwSDn5aIUEZwOlx9c94AaABAg,Edén por Salud: empleo inclusivo para personas con discapacidad en Antigua | Super - Episodio 2,Quorum,UCE4rsXcgDb6e1-a9iTbWzfg,@elioelias7267,UCQM2tCKRRytVDRxNUfCDqQQ,❤🎉,@quorumgt/videos,channel,quorum_complete_comments.csv | youtube_guatemala_plus_comments.csv,/@elioelias7267,hace 2 meses, ,0,False,,,❤🎉,,POS,0.033134058117866516,0.41005781292915344,0.5568081140518188
6W4u8sGEnGM,UgwSt406Q1HWBWCewI14AaABAg,Inician los trabajos de recuperación del Puente Belice II.,Gobierno de la República de Guatemala,UC-ZtFBHzgkYFh7whZkuR_Ag,@AntonioChiyal-x5s,UCWvntqPQx99k_Z_skWKqNSA,5 anos mas precidente,Gobierno de la República de Guatemala,topic,youtube_guatemala_plus_comments.csv | youtube_lab_targets_small_comments.csv,/@AntonioChiyal-x5s,hace 5 días,2,1,False,,2.0,5 anos mas precidente,ano precidente,NEU,0.10884176194667816,0.6455959677696228,0.24556227028369904
6W4u8sGEnGM,UgwSt406Q1HWBWCewI14AaABAg.Aa-KmSVE5UgAa-M7iXQwik,Inician los trabajos de recuperación del Puente Belice II.,Gobierno de la República de Guatemala,UC-ZtFBHzgkYFh7whZkuR_Ag,@Israel-u5i7i,UCoGdCoJg2Lh0OX_jv6cG16g,Ojalá se pudiera,Gobierno de la República de Guatemala,topic,youtube_guatemala_plus_comments.csv | youtube_lab_targets_small_comments.csv,/@Israel-u5i7i,hace 5 días, ,0,False,,,Ojalá se pudiera,ojalá poder,NEU,0.18084372580051422,0.5539582967758179,0.2651979327201843
n8iP75gIpmw,UgwTyYcT2aNvGA5DK4J4AaABAg,Qué rico come tu diputado,Quorum,UCE4rsXcgDb6e1-a9iTbWzfg,@pablochitay46,UChgkn5Jt5tWKYMoEOuCjz3Q,Por primera vez deacuerdo con pedro.,@quorumgt/videos,channel,quorum_complete_comments.csv | youtube_guatemala_plus_comments.csv,/@pablochitay46,hace 2 años,2,0,False,,2.0,Por primera vez deacuerdo con pedro.,deacuerdo pedro,POS,0.014366346411406994,0.20404866337776184,0.7815849781036377
j43HgwYFKfk,UgwUZL4XYbr2lbEi1r94AaABAg,La cooptación de Walter Mazariegos en la USAC,Quorum,UCE4rsXcgDb6e1-a9iTbWzfg,@pedroros6358,UCiC-Jn7wdgyQV4_Urk0DkWQ,"En julio de 2022 al haber asumido como Rector de Facto, eligieron a Héctor Hugo Pérez Aguilera como representante Titular de la USAC ante la Corte de Constitucionalidad.",@quorumgt/videos,channel,quorum_complete_comments.csv | youtube_guatemala_plus_comments.csv,/@pedroros6358,hace 1 año,1,0,False,,1.0,"En julio de 2022 al haber asumido como Rector de Facto, eligieron a Héctor Hugo Pérez Aguilera como representante Titular de la USAC ante la Corte de Constitucionalidad.",julio asumir rector facto elegir héctor hugo pérez aguilero representante titular usac corte constitucionalidad,NEU,0.15023544430732727,0.7764542698860168,0.07331029325723648
JkpVO1hx2f8,UgwXm2HjtCzRKiDHflJ4AaABAg,10 Preguntas a un año del Paro Nacional,Quorum,UCE4rsXcgDb6e1-a9iTbWzfg,@lyacausa,UCQIdKuZ-OzuFqy0KjGrgesg,Guatemala solo cambia de dictadura cada 4 años,@quorumgt/videos,channel,quorum_complete_comments.csv | youtube_guatemala_plus_comments.csv,/@lyacausa,hace 1 año,1,0,False,,1.0,Guatemala solo cambia de dictadura cada 4 años,guatemala cambiar dictadura año,NEG,0.729413628578186,0.2541269063949585,0.016459494829177856
n8iP75gIpmw,UgwY0wdDJRzHsTCnLbN4AaABAg,Qué rico come tu diputado,Quorum,UCE4rsXcgDb6e1-a9iTbWzfg,@amyherrera7352,UCXr8_5WtGeipe4haOoQDgyQ,"Ala! Que tipo necio y descarado!  Hipócrita!
Comen y después hablan de desnutrición! Que colmo!
Gracias por cumplir con el mandato periodístico!",@quorumgt/videos,channel,quorum_complete_comments.csv | youtube_guatemala_plus_comments.csv,/@amyherrera7352,hace 2 años, ,0,False,,,"Ala! Que tipo necio y descarado!  Hipócrita!
Comen y después hablan de desnutrición! Que colmo!
Gracias por cumplir con el mandato periodístico!",ala tipo necio descarar hipócrita comen desnutrición colmo gracias cumplir mandato periodístico,NEG,0.9721691012382507,0.020458754152059555,0.007372118998318911
06mFNPU0aB8,UgwY2FW-3sBGV2CGxaJ4AaABAg,Capturan a presuntos delincuentes disfrazados de mujer señalados de cometer asalto,Noti7,UCVpSRoZgngfSL03Nlbjtq9A,@Historia-wm4os,UC_3xuTXvMIWU5MYP9HkJ3vQ,Excelente trabajo señores agentes que Dios me los cuide mucho,guatemala noticias,topic,youtube_guatemala_comments.csv | youtube_guatemala_plus_comments.csv,/@Historia-wm4os,hace 2 semanas,4,0,False,,4.0,Excelente trabajo señores agentes que Dios me los cuide mucho,excelente trabajo señor agente dios cuidir,POS,0.0042711300775408745,0.030406378209590912,0.9653224945068359
n8iP75gIpmw,UgwYTL5-XYvmQxsC3Bt4AaABAg,Qué rico come tu diputado,Quorum,UCE4rsXcgDb6e1-a9iTbWzfg,@HaroldoCastillo-rh9iw,UCFjudnPLoaSL1BaRuLahyHg,"Estos siempre andan viendo como comen del pueblo. Si no les basta el sueldo, busquen otro trabajo y por qué lugares tan caros, porque no es su dinero...",@quorumgt/videos,channel,quorum_complete_comments.csv | youtube_guatemala_plus_comments.csv,/@HaroldoCastillo-rh9iw,hace 2 años,1,0,False,,1.0,"Estos siempre andan viendo como comen del pueblo. Si no les basta el sueldo, busquen otro trabajo y por qué lugares tan caros, porque no es su dinero...",andar ver comen pueblo bastar sueldo buscar trabajo lugar caro dinero,NEG,0.9705525636672974,0.02576926164329052,0.003678126959130168
n8iP75gIpmw,UgwYaHf9EYIl5Pf-y514AaABAg,Qué rico come tu diputado,Quorum,UCE4rsXcgDb6e1-a9iTbWzfg,@almacatalan2717,UC-pNP6RMFuLg_-x7Ah_0kEA,"Bien mentirosito ese diputado Nery Rodas, si tanto quiere a Guatemala que ellos paguen su almuerzo, porque el pueblo?",@quorumgt/videos,channel,quorum_complete_comments.csv | youtube_guatemala_plus_comments.csv,/@almacatalan2717,hace 2 años,5,0,False,,5.0,"Bien mentirosito ese diputado Nery Rodas, si tanto quiere a Guatemala que ellos paguen su almuerzo, porque el pueblo?",mentirosito diputado nery roda guatemala pagar almuerzo pueblo,NEG,0.9535378217697144,0.037694159895181656,0.008767975494265556
PjmxCj-a9Hg,UgwZw9X6DpxCIJ6YkXZ4AaABAg,Conferencia de Prensa del Gobierno de Guatemala. #LaRondaGt,Gobierno de la República de Guatemala,UC-ZtFBHzgkYFh7whZkuR_Ag,@rosadiaz9235,UC1Y7x3h0c95Z8kUhi-Tzaeg,Siii por tanta corrupción;; ay mucha muerte como en colombia ;; y en Guatemala;; todo porque no ay personas con un corazón;; dispuesto a cuidar del país y sacar adelante;;;,@GobiernodeGuatemala,topic,PjmxCj-a9Hg_out_comments.csv | youtube_guatemala_plus_comments.csv,/@rosadiaz9235,hace 1 año, ,0,False,,,Siii por tanta corrupción;; ay mucha muerte como en colombia ;; y en Guatemala;; todo porque no ay personas con un corazón;; dispuesto a cuidar del país y sacar adelante;;;,siii tanto corrupción ay muerte colombia guatemala ay persona corazón dispuesto cuidar país sacar,NEG,0.9177563786506653,0.07355949282646179,0.008684146218001842
OkXlHx0hx-8,Ugw_g00Bv3m-cnSxhMp4AaABAg,EE.UU. envía a mexicanos deportados a Guatemala antes de su regreso a México | Noticias Telemundo,Noticias Telemundo,UCRwA1NUcUnwsly35ikGhp0A,@marthareiss5434,UC1WlJfQmaIskYhP4gmWoamw,Que pena! Que la administración de Trump no ofrezca AMNISTÍA a los mexicanos u otros grupos de personas trabajadoras que ayudan a la mejora de este país. 😢,guatemala noticias,topic,youtube_guatemala_comments.csv | youtube_guatemala_plus_comments.csv,/@marthareiss5434,hace 1 día,2,1,False,,2.0,Que pena! Que la administración de Trump no ofrezca AMNISTÍA a los mexicanos u otros grupos de personas trabajadoras que ayudan a la mejora de este país. 😢,penar administración trump ofrecer amnistir mexicano grupo persona trabajador ayudar mejora país,NEG,0.9829134345054626,0.014352000318467617,0.002734529785811901
n8iP75gIpmw,Ugw_wfk-1nUcdyG3muZ4AaABAg,Qué rico come tu diputado,Quorum,UCE4rsXcgDb6e1-a9iTbWzfg,@isaaclopez7220,UC3MYTqpQqlWBuCB7Th0e0PA,"Me llega que saquen videos cortos porque el vídeo del programa de Con criterio es muy largo, pero vaya que es bueno",@quorumgt/videos,channel,quorum_complete_comments.csv | youtube_guatemala_plus_comments.csv,/@isaaclopez7220,hace 2 años,4,0,False,,4.0,"Me llega que saquen videos cortos porque el vídeo del programa de Con criterio es muy largo, pero vaya que es bueno",llegar sacar video corto vídeo programa criterio,POS,0.0074361166916787624,0.05396551638841629,0.9385984539985657
j43HgwYFKfk,UgwaGYcI3FekgL1PZct4AaABAg,La cooptación de Walter Mazariegos en la USAC,Quorum,UCE4rsXcgDb6e1-a9iTbWzfg,@hendersonlopez3864,UCOcUI5XkTYNMSFhZNMIPpGg,"Urge convocar elecciones, los estudiantes estamos sufriendo con cada vez mas deficientes instalaciones, laboratorios y aulas. Ademas del abandono de Rectoria a las Facultades que siguen luchando contra su oposicion, o que se muestran renuentes a seguir sus ordenes, afectan directamente a los estudiantes, catedraticos, personal de servicios y limita su capacidad de brindar una educacion de calidad, y atender a la poblacion guatemalteca a travez de EPS y otros que ofrecen estas unidades academicas.",@quorumgt/videos,channel,quorum_complete_comments.csv | youtube_guatemala_plus_comments.csv,/@hendersonlopez3864,hace 1 año (editado),3,0,False,,3.0,"Urge convocar elecciones, los estudiantes estamos sufriendo con cada vez mas deficientes instalaciones, laboratorios y aulas. Ademas del abandono de Rectoria a las Facultades que siguen luchando contra su oposicion, o que se muestran renuentes a seguir sus ordenes, afectan directamente a los estudiantes, catedraticos, personal de servicios y limita su capacidad de brindar una educacion de calidad, y atender a la poblacion guatemalteca a travez de EPS y otros que ofrecen estas unidades academicas.",urge convocar elección estudiante sufrir deficiente instalación laboratorio aula abandono rectoria facultad seguir luchar oposicion mostrar renuent seguir orden afectar directamente estudiante catedratico personal servicio limitar capacidad brindar educacion calidad atender poblacion guatemaltecar travez eps ofrecer unidad academica,NEG,0.9759317636489868,0.021060721948742867,0.00300745852291584
n8iP75gIpmw,UgwaokeDKlLgSdqHpW94AaABAg,Qué rico come tu diputado,Quorum,UCE4rsXcgDb6e1-a9iTbWzfg,@OscarHernandez-q8y,UCOS8ViEkccrTZx2w2ccxotA,"Pero porque un desayuno de 250.00,  no habrá uno de 75.00?",@quorumgt/videos,channel,quorum_complete_comments.csv | youtube_guatemala_plus_comments.csv,/@OscarHernandez-q8y,hace 2 años,4,0,False,,4.0,"Pero porque un desayuno de 250.00,  no habrá uno de 75.00?",desayuno,NEU,0.4586734473705292,0.5135294795036316,0.02779708057641983
b_Hkrkl3adA,Ugwbnz3tRoBa7Vs3A3d4AaABAg,Bloqueos en Guatemala este 31 de agosto por alza en combustibles afectan rutas principales,PrensaLibreOficial,UCEepOY2svuxbsJ-zsAPT9Fg,@antonioduarte2288,UC3iIU62XKUOWuqL8BqBzj9A,Puro show esto solo para que los diputranzas les den su parte y autorizar subsidios al gas,guatemala noticias,topic,debug_comments_fixed2_comments.csv | youtube_guatemala_comments.csv | youtube_guatemala_plus_comments.csv,/@antonioduarte2288,hace 49 minutos, ,0,False,,,Puro show esto solo para que los diputranzas les den su parte y autorizar subsidios al gas,puro show diputranza dar autorizar subsidio gas,NEG,0.901703417301178,0.08987461030483246,0.008421952836215496
6W4u8sGEnGM,Ugwc0TMrFYylioxh_Sh4AaABAg,Inician los trabajos de recuperación del Puente Belice II.,Gobierno de la República de Guatemala,UC-ZtFBHzgkYFh7whZkuR_Ag,@albertoshernandez5251,UCV3fr-YOixFKCZBbJP1-X4w,Que viva viva el Presidente Bernardo Arevalo 🎉🎉👏🎉🎉,Gobierno de la República de Guatemala,topic,youtube_guatemala_plus_comments.csv | youtube_lab_targets_small_comments.csv,/@albertoshernandez5251,hace 6 días,3,0,False,,3.0,Que viva viva el Presidente Bernardo Arevalo 🎉🎉👏🎉🎉,vivir vivir presidente bernardo arevalo,POS,0.06470121443271637,0.36075425148010254,0.5745446681976318
n8iP75gIpmw,UgwcF8V3__81jxC8Eh14AaABAg,Qué rico come tu diputado,Quorum,UCE4rsXcgDb6e1-a9iTbWzfg,@marcomendez7509,UCmjppp6ujz3SAnULvP3sZMw,pues quien le pidió que la guesiara para Diputado si será descarado seve que son unos Corruptos mientras el pueblo no tiene ni un Cinco u con eso le pagan a los Electores si serán Comen Cuando hay,@quorumgt/videos,channel,quorum_complete_comments.csv | youtube_guatemala_plus_comments.csv,/@marcomendez7509,hace 2 años, ,0,False,,,pues quien le pidió que la guesiara para Diputado si será descarado seve que son unos Corruptos mientras el pueblo no tiene ni un Cinco u con eso le pagan a los Electores si serán Comen Cuando hay,pedir guesiara diputado descarar seve corrupto pueblo pagar elector comar,NEG,0.9374302625656128,0.05453750118613243,0.008032171055674553
lj983NWyAQY,UgwdC_aDdYB1wpgGNAt4AaABAg,Plan 2032 Ciudad de Guatemala,Municipalidad de Guatemala,UCXa6LVjBzUtmcM3cwbd9e2w,@FreddyGmez,UC5PyGvSfFM--OVKmQ3COu6g,Que belleza si se llegara a construir todos esos proyectos 💙👌,Municipalidad de Guatemala,topic,lj983NWyAQY_out_comments.csv | youtube_guatemala_plus_comments.csv,/@FreddyGmez,hace 7 años,3,0,False,,3.0,Que belleza si se llegara a construir todos esos proyectos 💙👌,bellezar llegar construir proyecto,POS,0.009669993072748184,0.10863855481147766,0.8816915154457092
n8iP75gIpmw,Ugwe0V0ssRP-r167Lzh4AaABAg,Qué rico come tu diputado,Quorum,UCE4rsXcgDb6e1-a9iTbWzfg,@isaiaslopezvelasquez1539,UCQqetiwzzmRNTM5OWuXarGQ,si no les gusta  renuncie,@quorumgt/videos,channel,quorum_complete_comments.csv | youtube_guatemala_plus_comments.csv,/@isaiaslopezvelasquez1539,hace 2 años,1,0,False,,1.0,si no les gusta  renuncie,gustar renuncie,NEG,0.8222561478614807,0.16329824924468994,0.014445611275732517
6W4u8sGEnGM,UgwgSP2G2qKwGGl5CSp4AaABAg,Inician los trabajos de recuperación del Puente Belice II.,Gobierno de la República de Guatemala,UC-ZtFBHzgkYFh7whZkuR_Ag,@albertoshernandez5251,UCV3fr-YOixFKCZBbJP1-X4w,EL PRESIDENTE BERNARDO AREVALO SI ES UN PRESIDENTE QUE QUIERE A SU PUEBLO Y AL PAIS DE GUATEMALA 👍 EL NO ES COMO LOS RATAS  PRESIDENTES ANTERIORES 🐭🐭ASI QUE TODO EL APOYO PARA EL PRESIDENTE BERNARDO AREVALO 👍 🎉👍🎉👍🎉👍🎉👍🎉👍,Gobierno de la República de Guatemala,topic,youtube_guatemala_plus_comments.csv | youtube_lab_targets_small_comments.csv,/@albertoshernandez5251,hace 6 días,3,0,False,,3.0,EL PRESIDENTE BERNARDO AREVALO SI ES UN PRESIDENTE QUE QUIERE A SU PUEBLO Y AL PAIS DE GUATEMALA 👍 EL NO ES COMO LOS RATAS  PRESIDENTES ANTERIORES 🐭🐭ASI QUE TODO EL APOYO PARA EL PRESIDENTE BERNARDO AREVALO 👍 🎉👍🎉👍🎉👍🎉👍🎉👍,presidente bernardo arevalo presidente pueblo pais guatemala rata president anterior apoyo presidente bernardo arevalo,NEU,0.14069999754428864,0.4675390422344208,0.3917609751224518
n8iP75gIpmw,UgwgoKatyznihVvDVVd4AaABAg,Qué rico come tu diputado,Quorum,UCE4rsXcgDb6e1-a9iTbWzfg,@OsvaldoAguirre-l3i,UCCaYwkkbQGcvFoUmothVdQQ,Cuando los agarran con la manos en la masa ya ni Allan que decir estos buenos para nada! Solo para comer de gratis son buenos a que hijos de la gran patria! De Guatemala. Mantenidos estos corruptos solo para wuabiar son bueno.,@quorumgt/videos,channel,quorum_complete_comments.csv | youtube_guatemala_plus_comments.csv,/@OsvaldoAguirre-l3i,hace 2 años, ,0,False,,,Cuando los agarran con la manos en la masa ya ni Allan que decir estos buenos para nada! Solo para comer de gratis son buenos a que hijos de la gran patria! De Guatemala. Mantenidos estos corruptos solo para wuabiar son bueno.,agarrar mano masa allar comer gratis hijo patria guatemala mantenido corrupto wuabiar,NEG,0.9539276361465454,0.034467875957489014,0.011604486964643002
n8iP75gIpmw,UgwguqWom06c5opgpiF4AaABAg,Qué rico come tu diputado,Quorum,UCE4rsXcgDb6e1-a9iTbWzfg,@oscarnavas9996,UCQgYjVngJRfPHDLGB5X6ZjA,Sin vergüenza. Que no se vuelva a lanzar para diputado ladrón,@quorumgt/videos,channel,quorum_complete_comments.csv | youtube_guatemala_plus_comments.csv,/@oscarnavas9996,hace 2 años, ,0,False,,,Sin vergüenza. Que no se vuelva a lanzar para diputado ladrón,vergüenza volver lanzar diputado ladrón,NEG,0.8495967984199524,0.11953149735927582,0.030871745198965073
PjmxCj-a9Hg,UgwhphOY9n46ofElDut4AaABAg,Conferencia de Prensa del Gobierno de Guatemala. #LaRondaGt,Gobierno de la República de Guatemala,UC-ZtFBHzgkYFh7whZkuR_Ag,@danielantoniogonzalezflore4901,UCN2N_wYOw6fMwCeSzdXLPIw,Mejor saque a guatemala del parlacen y dejen de hablar de tsnta babosadas o ustedes van s ir avrefujiase al parlacen cuando salgan ese dinero que pagamos invertirlo en meducina sehan realustas por sus acciones nadie cree ya en nadie de ver que los gobiernos solo sirven para enriqueserse ya vasta,@GobiernodeGuatemala,topic,PjmxCj-a9Hg_out_comments.csv | youtube_guatemala_plus_comments.csv,/@danielantoniogonzalezflore4901,hace 1 año, ,0,False,,,Mejor saque a guatemala del parlacen y dejen de hablar de tsnta babosadas o ustedes van s ir avrefujiase al parlacen cuando salgan ese dinero que pagamos invertirlo en meducina sehan realustas por sus acciones nadie cree ya en nadie de ver que los gobiernos solo sirven para enriqueserse ya vasta,saque guatemala parlacen dejen hablar tsnta babosada s avrefujiar parlacir salir dinero pagar invertir él meducina sehaber realusta acción creer gobierno servir enriqueser él vasta,NEG,0.9688193798065186,0.02714434079825878,0.00403625937178731
n8iP75gIpmw,UgwiGxmosawIyTVTjnB4AaABAg,Qué rico come tu diputado,Quorum,UCE4rsXcgDb6e1-a9iTbWzfg,@ErvinLeonardoCarreraLatín,UC9vMq1YF-e7C-VO0SHkbUTA,19:27 Basuras de diputados  artense  porque los que sufrieron  hambre serán saciados y los que se saciaron a costillas de los demás tendrán hambre y sed  de todo,@quorumgt/videos,channel,quorum_complete_comments.csv | youtube_guatemala_plus_comments.csv,/@ErvinLeonardoCarreraLat%C3%ADn,hace 2 años (editado), ,0,False,,,19:27 Basuras de diputados  artense  porque los que sufrieron  hambre serán saciados y los que se saciaron a costillas de los demás tendrán hambre y sed  de todo,basura diputado artense sufrir hambre saciar saciar costilla hambre sed,NEG,0.8959920406341553,0.09057546406984329,0.013432446867227554
n8iP75gIpmw,Ugwih8O9PeaJ_zd7FWV4AaABAg,Qué rico come tu diputado,Quorum,UCE4rsXcgDb6e1-a9iTbWzfg,@carmenr6311,UC8F2V63KZ4ZEay6opX2hAQw,"Los alimentos tienen k pagarlos d su sueldo como cualquier otro ciudadano k a pesar de el salario miserable pagan sus alimentos, segun entiendo ese señor  kiere k el pueblo le siga pagando ,si el trabaja haciéndose el pendejo como muchos otros k solo llegan a ocupar la silla y a bla bla hasta el momento no se ve k se trabaje en algo bueno para el pueblo a ese fulano k no esta contento con el alto sueldo k tienen por hacer nada ,k renuncie y k empleen a personas k realmente kieren hacer algo por el hambriento pueblo, braaavo seño por recordarle a ese inepto.,ellos ganan Q25,000 0 mas cuanto gana un médico, una enfermera,una profesora y esos siii trabajan especialmente los médicos.",@quorumgt/videos,channel,quorum_complete_comments.csv | youtube_guatemala_plus_comments.csv,/@carmenr6311,hace 2 años, ,0,False,,,"Los alimentos tienen k pagarlos d su sueldo como cualquier otro ciudadano k a pesar de el salario miserable pagan sus alimentos, segun entiendo ese señor  kiere k el pueblo le siga pagando ,si el trabaja haciéndose el pendejo como muchos otros k solo llegan a ocupar la silla y a bla bla hasta el momento no se ve k se trabaje en algo bueno para el pueblo a ese fulano k no esta contento con el alto sueldo k tienen por hacer nada ,k renuncie y k empleen a personas k realmente kieren hacer algo por el hambriento pueblo, braaavo seño por recordarle a ese inepto.,ellos ganan Q25,000 0 mas cuanto gana un médico, una enfermera,una profesora y esos siii trabajan especialmente los médicos.",alimento k pagarlo d sueldo ciudadano k salario miserable pagar alimento enteir señor kiere k pueblo seguir pagar trabajar hacer él pendejo k llegar ocupar silla bla bla momento ver k trabaje pueblo fulano k contento alto sueldo k k renuncie k emplear persona k realmente kierir hambriento pueblo braaavo seño recordar él inepto ganar q25 ganar médico enfermera profesora siii trabajar especialmente médico,NEG,0.9758647084236145,0.020543571561574936,0.0035917037166655064
6W4u8sGEnGM,Ugwije36G_n35mshRfp4AaABAg,Inician los trabajos de recuperación del Puente Belice II.,Gobierno de la República de Guatemala,UC-ZtFBHzgkYFh7whZkuR_Ag,@rosaoliva9389,UCheEJ5GZuIvV0fj-nXyVwXw,Gracias por concluir lo q otros empiezan y no terminan,Gobierno de la República de Guatemala,topic,youtube_guatemala_plus_comments.csv | youtube_lab_targets_small_comments.csv,/@rosaoliva9389,hace 2 días, ,0,False,,,Gracias por concluir lo q otros empiezan y no terminan,gracias concluir q empezar terminar,NEU,0.14883020520210266,0.5659880638122559,0.2851817011833191
n8iP75gIpmw,UgwjKxflp7TiD0e7_494AaABAg,Qué rico come tu diputado,Quorum,UCE4rsXcgDb6e1-a9iTbWzfg,@victorarturoruanobautista7588,UCujPF2nBgsTD62nWE3lcpIg,Que se les quite todos los privilegios lo que pasa no les gusta,@quorumgt/videos,channel,quorum_complete_comments.csv | youtube_guatemala_plus_comments.csv,/@victorarturoruanobautista7588,hace 1 año, ,0,False,,,Que se les quite todos los privilegios lo que pasa no les gusta,quitar privilegio pasar gustar,NEG,0.9009564518928528,0.08502557128667831,0.014018015004694462
n8iP75gIpmw,Ugwjtq_DUb6ISU-ppsh4AaABAg,Qué rico come tu diputado,Quorum,UCE4rsXcgDb6e1-a9iTbWzfg,@byronpontaza,UChs3tU2BcKOT0CezykvAsGw,"Estoy seguro que si a los conductores los envían a hacer un trabajo a un departamento y les dan viáticos, buscan Buenos restaurantes para ir a comer y no se van al mercado",@quorumgt/videos,channel,quorum_complete_comments.csv | youtube_guatemala_plus_comments.csv,/@byronpontaza,hace 2 años,1,0,False,,1.0,"Estoy seguro que si a los conductores los envían a hacer un trabajo a un departamento y les dan viáticos, buscan Buenos restaurantes para ir a comer y no se van al mercado",seguro conductor envir trabajo departamento viático buscar restaurante comer mercado,POS,0.021481970325112343,0.40215083956718445,0.5763671398162842
n8iP75gIpmw,UgwkiP4fW1xfpXbZcV14AaABAg,Qué rico come tu diputado,Quorum,UCE4rsXcgDb6e1-a9iTbWzfg,@BenjaminLarios-jd8nk,UCV0iizTBoOfdAFX_thfI9BA,Lo que este diputado ase por el paiz es robarle  al paiz   porque otro beneficio que tiene el paiz  con ellos nada,@quorumgt/videos,channel,quorum_complete_comments.csv | youtube_guatemala_plus_comments.csv,/@BenjaminLarios-jd8nk,hace 2 años, ,0,False,,,Lo que este diputado ase por el paiz es robarle  al paiz   porque otro beneficio que tiene el paiz  con ellos nada,diputado ar paiz robar él paiz beneficio paiz,NEG,0.9637752175331116,0.031573329120874405,0.00465150224044919
6W4u8sGEnGM,Ugwm9VajlW3ydbsf-BJ4AaABAg,Inician los trabajos de recuperación del Puente Belice II.,Gobierno de la República de Guatemala,UC-ZtFBHzgkYFh7whZkuR_Ag,@robertoescobar5507,UCp29O_C7cchZV8IxV7Crdag,Excelente.,Gobierno de la República de Guatemala,topic,youtube_guatemala_plus_comments.csv | youtube_lab_targets_small_comments.csv,/@robertoescobar5507,hace 3 días, ,0,False,,,Excelente.,excelente,POS,0.028718095272779465,0.12790082395076752,0.8433810472488403
yLZS3JiEBg8,UgwmvtMMEFg5rWbrmtV4AaABAg,Arroz con pollo a la MONOPOLIO,Quorum,UCE4rsXcgDb6e1-a9iTbWzfg,@11223344An,UCkxdJ_yGN2gghOMo2ybQtXQ,Y no olvidemos y quizá el más cruel. Las farmacéuticas con las medicinas,@quorumgt/videos,channel,quorum_complete_comments.csv | youtube_guatemala_plus_comments.csv,/@11223344An,hace 2 años,1,0,False,,1.0,Y no olvidemos y quizá el más cruel. Las farmacéuticas con las medicinas,olvidar cruel farmacéutico medicina,NEG,0.910822331905365,0.08207506686449051,0.007102628238499165
6W4u8sGEnGM,UgwnCwptihjhFCfQK_l4AaABAg,Inician los trabajos de recuperación del Puente Belice II.,Gobierno de la República de Guatemala,UC-ZtFBHzgkYFh7whZkuR_Ag,@franciscoflores3120,UCjZgFEowMBrsjodqfovzdKw,Pero  sería bueno que  le cambien  nombre,Gobierno de la República de Guatemala,topic,youtube_guatemala_plus_comments.csv | youtube_lab_targets_small_comments.csv,/@franciscoflores3120,hace 4 días, ,0,False,,,Pero  sería bueno que  le cambien  nombre,cambiar nombre,NEU,0.14077183604240417,0.7334154844284058,0.12581276893615723
n8iP75gIpmw,UgwopmNYOXxE5kyT7fF4AaABAg,Qué rico come tu diputado,Quorum,UCE4rsXcgDb6e1-a9iTbWzfg,@hugoasencio7764,UC4wq3DcbfaG6dtCqn8Oyu3w,Ya viste Nery más de lo mismo.,@quorumgt/videos,channel,quorum_complete_comments.csv | youtube_guatemala_plus_comments.csv,/@hugoasencio7764,hace 2 años,1,0,False,,1.0,Ya viste Nery más de lo mismo.,viste nery,NEG,0.8228861093521118,0.1608411967754364,0.016272692009806633
ndAZjHqzzT8,UgwovhZaCiV0r6XOH_R4AaABAg,Internet: escoger el menos malo,Quorum,UCE4rsXcgDb6e1-a9iTbWzfg,@rwdm76,UCVC2QugcI1G4RvlCiUqd1aQ,excelente,@quorumgt/videos,channel,quorum_complete_comments.csv | youtube_guatemala_plus_comments.csv,/@rwdm76,hace 1 año, ,0,False,,,excelente,excelente,NEU,0.20341528952121735,0.477862685918808,0.31872206926345825
yLZS3JiEBg8,UgwoyDvqZ6NlBCvXB7t4AaABAg,Arroz con pollo a la MONOPOLIO,Quorum,UCE4rsXcgDb6e1-a9iTbWzfg,@herminiasaquimux7565,UCXVLc8CmAO813ubM-fLvCDw,"Ahora comprendí porque los cañeros y grupo cacif, estan contra la ley de competencia y siguen tratando de impedir su discusión en el legislativo.",@quorumgt/videos,channel,quorum_complete_comments.csv | youtube_guatemala_plus_comments.csv,/@herminiasaquimux7565,hace 2 años,7,0,False,,7.0,"Ahora comprendí porque los cañeros y grupo cacif, estan contra la ley de competencia y siguen tratando de impedir su discusión en el legislativo.",comprendí cañero grupo cacif ley competencia seguir tratar impedir discusión legislativo,NEG,0.96089106798172,0.03462586551904678,0.004483032040297985
n8iP75gIpmw,Ugwp1SacIqA0qS_netd4AaABAg,Qué rico come tu diputado,Quorum,UCE4rsXcgDb6e1-a9iTbWzfg,@TeresaLucero-b5o,UCwW2OFy95P7ZBkOPxWkpvYg,No se justifica nada... es su obligación trabajar...,@quorumgt/videos,channel,quorum_complete_comments.csv | youtube_guatemala_plus_comments.csv,/@TeresaLucero-b5o,hace 2 años,1,0,False,,1.0,No se justifica nada... es su obligación trabajar...,justificar obligación trabajar,NEG,0.7505590319633484,0.22923894226551056,0.020202020183205605
n8iP75gIpmw,UgwpY9PE_PBfwa2_g_N4AaABAg,Qué rico come tu diputado,Quorum,UCE4rsXcgDb6e1-a9iTbWzfg,@marioajset4283,UC3XTwHxygNCgjndsg-UiCQA,"Repito como siempre, cuantas horas hombre de trabajo se pagan por el cansancio y fatiga del pueblo que hacen productivo al país y que generan renta gravada para los contribuyentes, solo para que estos infelices se den estos gustos.",@quorumgt/videos,channel,quorum_complete_comments.csv | youtube_guatemala_plus_comments.csv,/@marioajset4283,hace 2 años,1,0,False,,1.0,"Repito como siempre, cuantas horas hombre de trabajo se pagan por el cansancio y fatiga del pueblo que hacen productivo al país y que generan renta gravada para los contribuyentes, solo para que estos infelices se den estos gustos.",repito hora hombre trabajo pagar cansancio fatiga pueblo productivo país generar renta gravado contribuyente infeliz dar gusto,NEG,0.9817752838134766,0.015528806485235691,0.0026958987582474947
j43HgwYFKfk,Ugwqsca_nj4eGguiyTJ4AaABAg,La cooptación de Walter Mazariegos en la USAC,Quorum,UCE4rsXcgDb6e1-a9iTbWzfg,@marlenareano-h4t,UCgQw_Sbq3ugruDUKsq1e0-A,"buen reportaje, tristeza da q la USAC este coptada por esos corruptos.",@quorumgt,topic,j43HgwYFKfk_out_comments.csv | quorum_complete_comments.csv | youtube_guatemala_plus_comments.csv,/@marlenareano-h4t,hace 6 meses, ,0,False,,,"buen reportaje, tristeza da q la USAC este coptada por esos corruptos.",reportaje tristeza q usac coptado corrupto,NEG,0.9800505042076111,0.014930792152881622,0.005018675699830055
n8iP75gIpmw,UgwrIvqGid-S983oU9J4AaABAg,Qué rico come tu diputado,Quorum,UCE4rsXcgDb6e1-a9iTbWzfg,@raquelprado3643,UCL13XhnRzbGokEkCkEOb0-g,Por querer justificarse le sacaron a luz sus artadas a costillas del pobre pueblo de Guatemala,@quorumgt/videos,channel,quorum_complete_comments.csv | youtube_guatemala_plus_comments.csv,/@raquelprado3643,hace 2 años,1,0,False,,1.0,Por querer justificarse le sacaron a luz sus artadas a costillas del pobre pueblo de Guatemala,querer justificar él sacar luz artada costilla pobre pueblo guatemala,NEG,0.9381495714187622,0.04809390380978584,0.013756566680967808
n8iP75gIpmw,UgwsCWap2Jq1pNrLOWl4AaABAg,Qué rico come tu diputado,Quorum,UCE4rsXcgDb6e1-a9iTbWzfg,@MacarioMartinezruiz,UCQtSFINs1h6GHkpg9o5kMvg,Lo felicito  periodista de alto valor por decirle la verdad al diputado Rodas,@quorumgt/videos,channel,quorum_complete_comments.csv | youtube_guatemala_plus_comments.csv,/@MacarioMartinezruiz,hace 2 años,12,0,False,,12.0,Lo felicito  periodista de alto valor por decirle la verdad al diputado Rodas,felicito periodista alto valor decir él diputado roda,POS,0.021509893238544464,0.06225542351603508,0.9162347316741943
06mFNPU0aB8,UgwtcR5U0FAkeZsiVVt4AaABAg,Capturan a presuntos delincuentes disfrazados de mujer señalados de cometer asalto,Noti7,UCVpSRoZgngfSL03Nlbjtq9A,@juliohernandez7438,UC2ngpd8UBQu4gcUYy0goAtg,Metanlos a la carcel y como se bisten de mujer que les echen chuso por maricones,guatemala noticias,topic,youtube_guatemala_comments.csv | youtube_guatemala_plus_comments.csv,/@juliohernandez7438,hace 2 semanas, ,0,False,,,Metanlos a la carcel y como se bisten de mujer que les echen chuso por maricones,metan él carcel bistar mujer echar chuso maricón,NEG,0.8489304780960083,0.1290111243724823,0.022058356553316116
PjmxCj-a9Hg,Ugwvm2HYh08HI1HkcXV4AaABAg,Conferencia de Prensa del Gobierno de Guatemala. #LaRondaGt,Gobierno de la República de Guatemala,UC-ZtFBHzgkYFh7whZkuR_Ag,@Burgos68,UC7IMsCxfZyWN7YQo8-JYa6Q,"Muchísimas gracias Sr. y excelentísimo Presidente Constitucional de la República de Guatemala,  por trabajar enormemente por todos los ciudadanos y también por unir sus esfuerzos con el Gobierno de los Estados Unidos Mexicanos,  porque el Turismo va hacer el mejor puente para incrementar la economía de todas aquellas personas al rededor del mundo, que quieran conocer más de esta cultura Maya compartida y la cual nos hace sentirnos hermanos con ese gran país. MÉXICO Y GUATEMALA UNIDOS POR SIEMPRE 💕",@GobiernodeGuatemala,topic,PjmxCj-a9Hg_out_comments.csv | youtube_guatemala_plus_comments.csv,/@Burgos68,hace 1 año (editado),1,0,False,,1.0,"Muchísimas gracias Sr. y excelentísimo Presidente Constitucional de la República de Guatemala,  por trabajar enormemente por todos los ciudadanos y también por unir sus esfuerzos con el Gobierno de los Estados Unidos Mexicanos,  porque el Turismo va hacer el mejor puente para incrementar la economía de todas aquellas personas al rededor del mundo, que quieran conocer más de esta cultura Maya compartida y la cual nos hace sentirnos hermanos con ese gran país. MÉXICO Y GUATEMALA UNIDOS POR SIEMPRE 💕",muchísimo gracias sr excelentísimo presidente constitucional república guatemala trabajar enormemente ciudadano unir esfuerzo gobierno unido mexicano turismo puente incrementar economía persona rededor mundo querer cultura maya compartido sentir yo hermano país méxico guatemala unido,POS,0.007008685264736414,0.03900517523288727,0.9539861083030701
n8iP75gIpmw,UgwvvK1L0aLOhCMUzfN4AaABAg,Qué rico come tu diputado,Quorum,UCE4rsXcgDb6e1-a9iTbWzfg,@GilmarMaldonado-q9m,UCzSfZlOVxBSs5ObD25ywxDQ,Y haci vienen corriéndo para que él pueblo voté por ustedes no piensan en él pueblo que está sufriendo por un sueldo minusioso partida de ladrones corruptos hijos de la fiscal nietos de giamatey hijastros de Miguel Martínez sinó gana en el congreso renuncien también aprueben la ley para sacar ala fiscal aganlo,@quorumgt/videos,channel,quorum_complete_comments.csv | youtube_guatemala_plus_comments.csv,/@GilmarMaldonado-q9m,hace 2 años, ,0,False,,,Y haci vienen corriéndo para que él pueblo voté por ustedes no piensan en él pueblo que está sufriendo por un sueldo minusioso partida de ladrones corruptos hijos de la fiscal nietos de giamatey hijastros de Miguel Martínez sinó gana en el congreso renuncien también aprueben la ley para sacar ala fiscal aganlo,haci venir corriéndo pueblo voté pensar pueblo sufrir sueldo minusioso partida ladrón corrupto hijo fiscal nieto giamatey hijastro miguel martínez sinar ganar congreso renuncien apruebir ley sacar ala fiscal aganlo,NEG,0.9671024680137634,0.028192704543471336,0.00470492709428072
n8iP75gIpmw,UgwwH4OIcVCCN6SbBX14AaABAg,Qué rico come tu diputado,Quorum,UCE4rsXcgDb6e1-a9iTbWzfg,@kanterra4584,UCLFdHr9BEbXHkoJopbEPLZw,"Deberían ir a comer al mercado central les queda cerca, llegan a pie y contribuyen con la pequeña empresa.
Ir a donde van y pagar con dinero de los tributos es lujurioso e insulta al pueblo soberano.",@quorumgt/videos,channel,quorum_complete_comments.csv | youtube_guatemala_plus_comments.csv,/@kanterra4584,hace 2 años,13,0,False,,13.0,"Deberían ir a comer al mercado central les queda cerca, llegan a pie y contribuyen con la pequeña empresa.
Ir a donde van y pagar con dinero de los tributos es lujurioso e insulta al pueblo soberano.",deber comer mercado central quedar cerca llegar pie contribuir pequeño empresa pagar dinero tributo lujurioso insulta pueblo soberano,NEG,0.9619882702827454,0.030790217220783234,0.0072214542888104916
n8iP75gIpmw,UgwwKfLmhHVU-Oxzqtl4AaABAg,Qué rico come tu diputado,Quorum,UCE4rsXcgDb6e1-a9iTbWzfg,@vanigomez492,UCNkcuy42zEwddwEcOd_HpnA,"No justifico lo del diputado, pero quisiera ver una entrevista similar en la administración anterior, ahí no! Porq tambien a los d con criterio les salpicaba la corrupción",@quorumgt/videos,channel,quorum_complete_comments.csv | youtube_guatemala_plus_comments.csv,/@vanigomez492,hace 2 años,3,0,False,,3.0,"No justifico lo del diputado, pero quisiera ver una entrevista similar en la administración anterior, ahí no! Porq tambien a los d con criterio les salpicaba la corrupción",justifico diputado querer entrevista similar administración porq d criterio salpicar corrupción,NEG,0.8561898469924927,0.13144156336784363,0.01236865483224392
ndAZjHqzzT8,UgwwPrhCy2levkb6TRd4AaABAg,Internet: escoger el menos malo,Quorum,UCE4rsXcgDb6e1-a9iTbWzfg,@ULJoshmg2011,UCJp3OrVYcBorC94sKwdch_A,"Otro detalle muy interesante es para la mayoría que usamos líneas prepago; hay muchos abusos por parte de las empresas, una de ellas por ejemplo te roba el saldo cuando haces una recarga sin haberte asignado ningún paquete; aluden a que sino te asignas un paquete el consumo del saldo corre si usas internet; una recarga de Q100 se consume en 5 min.  Esto no está regulado  la verdad en Guate; la otra compañía es más legal en esto; almenos no te permite navegar sino has asignado paquete. El monopolio nunca será nada bueno, en mi caso opté por quitar cable y servicios asociados tuve demasiados abusos, cobros anticipados,  costos  muy altos y final quedas indefenso. Solo opté por un prepago para Internet lo mínimo necesario, para poder ver YouTube. No consumimos nada más, dejamos de ver TV desde la pandemia, es mejor leer y escuchar la radio, no hay que darles gusto a estas empresas que abusan y roban.  Los que puedan tener internet satelital los felicito es mejor que la corrupcion de las dos empresas  actuales.",@quorumgt/videos,channel,quorum_complete_comments.csv | youtube_guatemala_plus_comments.csv,/@ULJoshmg2011,hace 1 año, ,0,False,,,"Otro detalle muy interesante es para la mayoría que usamos líneas prepago; hay muchos abusos por parte de las empresas, una de ellas por ejemplo te roba el saldo cuando haces una recarga sin haberte asignado ningún paquete; aluden a que sino te asignas un paquete el consumo del saldo corre si usas internet; una recarga de Q100 se consume en 5 min.  Esto no está regulado  la verdad en Guate; la otra compañía es más legal en esto; almenos no te permite navegar sino has asignado paquete. El monopolio nunca será nada bueno, en mi caso opté por quitar cable y servicios asociados tuve demasiados abusos, cobros anticipados,  costos  muy altos y final quedas indefenso. Solo opté por un prepago para Internet lo mínimo necesario, para poder ver YouTube. No consumimos nada más, dejamos de ver TV desde la pandemia, es mejor leer y escuchar la radio, no hay que darles gusto a estas empresas que abusan y roban.  Los que puedan tener internet satelital los felicito es mejor que la corrupcion de las dos empresas  actuales.",detalle interesante mayoría línea prepago abuso empresa ejemplo robar saldo recarga haberte asignar paquete aludir asignar paquete consumo saldo correr internet recarga q100 consumir min regulado guate compañía legal almeno permitir navegar haber asignar paquetir monopolio caso optar quitar cable servicio asociado tener demasiado abuso cobro anticipado costo alto queda indefenso optar prepago internet mínimo necesario youtube consumir dejar tv pandemia leer escuchar radio dar él gusto empresa abusar robar poder internet satelital felicito corrupcion empresa actual,NEG,0.9671952128410339,0.03051942028105259,0.002285346854478121
is3Mk5oC19g,UgwxjmtBoAozs0ZUAcd4AaABAg,Capturan a ladrón que había quedado grabado mientras robaba en una parroquia de Retalhuleu,TN23 Guatemala,UCt5Dw7ePnn0AqPqRF8Xpjkw,@MarcosCarillo-b1r,UCdFlugHJJa4l3YqWuNRmvXw,Al que tienen que enjuiciar es al comparator por comparator obgwtos robados,guatemala noticias,topic,youtube_guatemala_comments.csv | youtube_guatemala_plus_comments.csv,/@MarcosCarillo-b1r,hace 1 día, ,1,False,,,Al que tienen que enjuiciar es al comparator por comparator obgwtos robados,enjuiciar comparator comparator obgwto robado,NEG,0.9079324007034302,0.0777178555727005,0.014349760487675667
is3Mk5oC19g,UgwxjmtBoAozs0ZUAcd4AaABAg.AaAbqoGVGipAaAjNG9oPRN,Capturan a ladrón que había quedado grabado mientras robaba en una parroquia de Retalhuleu,TN23 Guatemala,UCt5Dw7ePnn0AqPqRF8Xpjkw,@JoelReynoso-d4r,UCLh1Kde4_vI1sTZBkTNP7RQ,que?,guatemala noticias,topic,youtube_guatemala_comments.csv | youtube_guatemala_plus_comments.csv,/@JoelReynoso-d4r,hace 1 día, ,0,False,,,que?,,NEU,0.21427442133426666,0.5860720276832581,0.19965364038944244
n8iP75gIpmw,UgwypjUeZBU45DrrW0d4AaABAg,Qué rico come tu diputado,Quorum,UCE4rsXcgDb6e1-a9iTbWzfg,@thelmamoran8565,UCThW2XNsAaBKme5PUt7n-Zg,Yo no entiendo por qué están ahorita con todas estas cosas por qué no lo hacían cuando estaban los corruptos Alvaro Arzú Alan Rodríguez. La señora está evangélica que acaba de salir no entiendo por qué no les decían eso a ellos porque tiene que ser hasta ahora es tonto,@quorumgt/videos,channel,quorum_complete_comments.csv | youtube_guatemala_plus_comments.csv,/@thelmamoran8565,hace 2 años, ,0,False,,,Yo no entiendo por qué están ahorita con todas estas cosas por qué no lo hacían cuando estaban los corruptos Alvaro Arzú Alan Rodríguez. La señora está evangélica que acaba de salir no entiendo por qué no les decían eso a ellos porque tiene que ser hasta ahora es tonto,entender ahoritar cosa hacer corrupto alvaro arzú alan rodríguez señora evangélico acabar salir entender decir tonto,NEG,0.9675392508506775,0.029423587024211884,0.0030371281318366528
n8iP75gIpmw,Ugwz_6qtdDTbTWEUQQ94AaABAg,Qué rico come tu diputado,Quorum,UCE4rsXcgDb6e1-a9iTbWzfg,@maxwellsales885,UC6YSZqL0vEcI-niPKIMUGfw,"Ni el mismo lo cree, estos son sinverguenzas y se pasan de pija, cómo se sentirá la familia tener a alguien mañoso, mafioso, sin vergüenza como marido y como padre, es triste",@quorumgt/videos,channel,quorum_complete_comments.csv | youtube_guatemala_plus_comments.csv,/@maxwellsales885,hace 2 años,2,0,False,,2.0,"Ni el mismo lo cree, estos son sinverguenzas y se pasan de pija, cómo se sentirá la familia tener a alguien mañoso, mafioso, sin vergüenza como marido y como padre, es triste",creer sinverguenza pasar pija sentir familia alguien mañoso mafioso vergüenza marido padre triste,NEG,0.9856871962547302,0.010808597318828106,0.0035041249357163906
n8iP75gIpmw,Ugx-G2kCu5aSwh3IR5l4AaABAg,Qué rico come tu diputado,Quorum,UCE4rsXcgDb6e1-a9iTbWzfg,@LE_A22,UCNBnKqWf4d-rS4HwJRQljmQ,"Y CUANDO VAN HABLAR DE LOS GASTOS DEL PRESIDENTE? La carne la bomba de la piscina los salarios exagerados,los aumentos incluso el nepotismo? ó a él no? De él no se puede hablar? Los regañan?",@quorumgt/videos,channel,quorum_complete_comments.csv | youtube_guatemala_plus_comments.csv,/@LE_A22,hace 2 años,1,0,False,,1.0,"Y CUANDO VAN HABLAR DE LOS GASTOS DEL PRESIDENTE? La carne la bomba de la piscina los salarios exagerados,los aumentos incluso el nepotismo? ó a él no? De él no se puede hablar? Los regañan?",hablar gasto presidente carne bomba piscina salario exagerado aumento nepotismo ó hablar regañar,NEG,0.9523074626922607,0.04480750486254692,0.0028849609661847353
06mFNPU0aB8,Ugx-cQ3Wf3whk_hssDR4AaABAg,Capturan a presuntos delincuentes disfrazados de mujer señalados de cometer asalto,Noti7,UCVpSRoZgngfSL03Nlbjtq9A,@elsalvador3605,UCO0zwwLWGyDgQmWPJ5Qrr1w,Por qué siempre tapan la cara de los delincuentes,guatemala noticias,topic,youtube_guatemala_comments.csv | youtube_guatemala_plus_comments.csv,/@elsalvador3605,hace 2 semanas,3,0,False,,3.0,Por qué siempre tapan la cara de los delincuentes,tapar cara delincuente,NEG,0.9158505797386169,0.07603969424962997,0.008109691552817822
j43HgwYFKfk,Ugx-hH6Ysw9sdv3kHPN4AaABAg,La cooptación de Walter Mazariegos en la USAC,Quorum,UCE4rsXcgDb6e1-a9iTbWzfg,@Silviazea,UCwjUvRseNtJoItylIyIez7Q,¡Fuera esa basura de mazariegos!,@quorumgt/videos,channel,quorum_complete_comments.csv | youtube_guatemala_plus_comments.csv,/@Silviazea,hace 1 año, ,0,False,,,¡Fuera esa basura de mazariegos!,basura mazariego,NEG,0.8668217658996582,0.09817098826169968,0.03500721603631973
n8iP75gIpmw,Ugx1reCoIQcnK3ii2GR4AaABAg,Qué rico come tu diputado,Quorum,UCE4rsXcgDb6e1-a9iTbWzfg,@SuperVictor2005,UCTwSut16JyAg3mX6LVUNGqA,"Que gasten todo lo que les pegue la regalada gana, siempre y cuando que lo paguen con su mismo sueldo o dinero como cualquier empleado público, lo que no es admisible es  que estas ratas solo se recetan estos mega gastos por un almuerzo, porque ellos mismos se los permiten.
Ya basta!!! Asi como estos diputados, PNC de la capital, entre otros empleados públicos selectos tengan privilegios de esta naturaleza, mientras que otros tienen que costear transporte, alimentación, internet, entre otras cosas con su propio sueldo o dinero.",@quorumgt/videos,channel,quorum_complete_comments.csv | youtube_guatemala_plus_comments.csv,/@SuperVictor2005,hace 2 años, ,0,False,,,"Que gasten todo lo que les pegue la regalada gana, siempre y cuando que lo paguen con su mismo sueldo o dinero como cualquier empleado público, lo que no es admisible es  que estas ratas solo se recetan estos mega gastos por un almuerzo, porque ellos mismos se los permiten.
Ya basta!!! Asi como estos diputados, PNC de la capital, entre otros empleados públicos selectos tengan privilegios de esta naturaleza, mientras que otros tienen que costear transporte, alimentación, internet, entre otras cosas con su propio sueldo o dinero.",gastar pegar regalada ganar pagar sueldo dinero empleado público admisible rata recetar megar gasto almuerzo permitir bastar diputado pnc capital empleado público selecto tener privilegio naturaleza costear transporte alimentación internet cosa sueldo dinero,NEG,0.9651616811752319,0.03032023459672928,0.004518188536167145
n8iP75gIpmw,Ugx2ApaAMqe4ca4SCYx4AaABAg,Qué rico come tu diputado,Quorum,UCE4rsXcgDb6e1-a9iTbWzfg,@guillermogonzalez5153,UCLggDc_a5HriXv7I1h02sOA,"Hablemos de cosas relevantes,,,,y No de lo irrelevantes......jajajajaja",@quorumgt/videos,channel,quorum_complete_comments.csv | youtube_guatemala_plus_comments.csv,/@guillermogonzalez5153,hace 2 años,3,0,False,,3.0,"Hablemos de cosas relevantes,,,,y No de lo irrelevantes......jajajajaja",habl cosa relevante irrelevante jajajajajar,NEU,0.14927753806114197,0.725249707698822,0.1254728138446808
n8iP75gIpmw,Ugx2LwWBVc3mFGJAinB4AaABAg,Qué rico come tu diputado,Quorum,UCE4rsXcgDb6e1-a9iTbWzfg,@ManuelEdran,UC5H8ASmMC9WrURmzeB4ySog,Ya es calor...jejej,@quorumgt/videos,channel,quorum_complete_comments.csv | youtube_guatemala_plus_comments.csv,/@ManuelEdran,hace 2 años,2,0,False,,2.0,Ya es calor...jejej,calor jejej,NEU,0.025249136611819267,0.5554473400115967,0.41930344700813293
n8iP75gIpmw,Ugx2byJzZBZkDMQMUqV4AaABAg,Qué rico come tu diputado,Quorum,UCE4rsXcgDb6e1-a9iTbWzfg,@ricardofigueroa5720,UCwO2SXr0ggzwg6QWWrr01nQ,No se le cree nada a ese diputransa,@quorumgt/videos,channel,quorum_complete_comments.csv | youtube_guatemala_plus_comments.csv,/@ricardofigueroa5720,hace 2 años,11,0,False,,11.0,No se le cree nada a ese diputransa,creer diputransa,NEG,0.9095710515975952,0.07092232257127762,0.01950669102370739
j43HgwYFKfk,Ugx3uDgmZQhx3Z3VOzt4AaABAg,La cooptación de Walter Mazariegos en la USAC,Quorum,UCE4rsXcgDb6e1-a9iTbWzfg,@ingenieroar,UC816IGbFCZinfYS1LRDaaHg,mapa de poder USAC,@quorumgt/videos,channel,quorum_complete_comments.csv | youtube_guatemala_plus_comments.csv,/@ingenieroar,hace 1 año,1,0,False,,1.0,mapa de poder USAC,mapa usac,NEU,0.12774048745632172,0.7593331933021545,0.11292631179094315
n8iP75gIpmw,Ugx3yIUZXGeiOVESIEl4AaABAg,Qué rico come tu diputado,Quorum,UCE4rsXcgDb6e1-a9iTbWzfg,@VICTOREST19,UC3qn1yJA5PeW9rkGPatQxiw,Que ese diputado que muestre la factura donde diga que de su bolsillo fue pagado??,@quorumgt/videos,channel,quorum_complete_comments.csv | youtube_guatemala_plus_comments.csv,/@VICTOREST19,hace 2 años,7,0,False,,7.0,Que ese diputado que muestre la factura donde diga que de su bolsillo fue pagado??,diputado mostrar factura decir bolsillo pagar,NEU,0.35752782225608826,0.6105908155441284,0.031881388276815414
6W4u8sGEnGM,Ugx4dn4xlUl9Jp9QJeJ4AaABAg,Inician los trabajos de recuperación del Puente Belice II.,Gobierno de la República de Guatemala,UC-ZtFBHzgkYFh7whZkuR_Ag,@elmilenial4064,UCaT4saRcyqCLE657Rq2hhZQ,Tio berny presidente 2032😁,Gobierno de la República de Guatemala,topic,youtube_guatemala_plus_comments.csv | youtube_lab_targets_small_comments.csv,/@elmilenial4064,hace 5 días (editado), ,0,False,,,Tio berny presidente 2032😁,tio berny presidente,POS,0.01154322735965252,0.4162529408931732,0.5722037553787231
yLZS3JiEBg8,Ugx6Wjc02tqpQUBf4NJ4AaABAg,Arroz con pollo a la MONOPOLIO,Quorum,UCE4rsXcgDb6e1-a9iTbWzfg,@rockyscarlet,UCc_F88PzGWtA1OPNUEASulA,Los hipócritas de la ufm todavía alaban a Milei. Lo primero que haría sería quitar todas las trabas que impiden el libre mercado.,@quorumgt/videos,channel,quorum_complete_comments.csv | youtube_guatemala_plus_comments.csv,/@rockyscarlet,hace 2 años, ,0,False,,,Los hipócritas de la ufm todavía alaban a Milei. Lo primero que haría sería quitar todas las trabas que impiden el libre mercado.,hipócrita ufm alar milei hacer quitar traba impedir libre mercado,NEG,0.9372140169143677,0.051925815641880035,0.010860223323106766
n8iP75gIpmw,Ugx74OPnWkWaFjpFuA94AaABAg,Qué rico come tu diputado,Quorum,UCE4rsXcgDb6e1-a9iTbWzfg,@dorisl.garciaroche7763,UCErZPJpHmLCsXs8ZWkAUupQ,"Y será que si ya no se diera esa facilidad de efectivo para gastos de ese tipo, les interesaría seguir siendo diputados. O es por ese estilo de vida lo que les llama la atención ser diputados.",@quorumgt/videos,channel,quorum_complete_comments.csv | youtube_guatemala_plus_comments.csv,/@dorisl.garciaroche7763,hace 2 años,2,1,False,,2.0,"Y será que si ya no se diera esa facilidad de efectivo para gastos de ese tipo, les interesaría seguir siendo diputados. O es por ese estilo de vida lo que les llama la atención ser diputados.",dar facilidad efectivo gasto tipo interesar seguir diputado estilo vida llamar atención diputado,NEG,0.6596589684486389,0.32779890298843384,0.01254212949424982
n8iP75gIpmw,Ugx74OPnWkWaFjpFuA94AaABAg.A7ki-1ED5b2A7nIcG2_svP,Qué rico come tu diputado,Quorum,UCE4rsXcgDb6e1-a9iTbWzfg,@HaroldoCastillo-rh9iw,UCFjudnPLoaSL1BaRuLahyHg,Cierto.,@quorumgt/videos,channel,quorum_complete_comments.csv | youtube_guatemala_plus_comments.csv,/@HaroldoCastillo-rh9iw,hace 2 años,1,0,False,,1.0,Cierto.,,NEU,0.24235080182552338,0.4796285927295685,0.2780206501483917
lj983NWyAQY,Ugx7Gvgflw7nQKqoR094AaABAg,Plan 2032 Ciudad de Guatemala,Municipalidad de Guatemala,UCXa6LVjBzUtmcM3cwbd9e2w,@arielsarc09,UCFOxCyF926Y9eHhMeVoWLzw,"De todo corazon espero que se cumplan todos estos proyectos por el bien de mi gente linda, Dios bendiga a Guatemala.",Municipalidad de Guatemala,topic,lj983NWyAQY_out_comments.csv | youtube_guatemala_plus_comments.csv,/@arielsarc09,hace 6 años (editado),3,0,False,,3.0,"De todo corazon espero que se cumplan todos estos proyectos por el bien de mi gente linda, Dios bendiga a Guatemala.",corazon esperar cumplir proyecto gente lindo dios bendigar guatemala,POS,0.005754444748163223,0.062262117862701416,0.9319833517074585
n8iP75gIpmw,Ugx7ezRwB-DpY3VQt754AaABAg,Qué rico come tu diputado,Quorum,UCE4rsXcgDb6e1-a9iTbWzfg,@ManuelEdran,UC5H8ASmMC9WrURmzeB4ySog,Minusiosas pero a la larga se vuelve millonarios. . Paguen sus almuerzos no se aprovechen del pueblo... casaka.,@quorumgt/videos,channel,quorum_complete_comments.csv | youtube_guatemala_plus_comments.csv,/@ManuelEdran,hace 2 años,1,0,False,,1.0,Minusiosas pero a la larga se vuelve millonarios. . Paguen sus almuerzos no se aprovechen del pueblo... casaka.,minusiosa larga volver millonario pagar almuerzo aprovechar pueblo casaka,NEU,0.43467551469802856,0.5273981094360352,0.03792636841535568
n8iP75gIpmw,Ugx7j6oWhgfonHPJCdR4AaABAg,Qué rico come tu diputado,Quorum,UCE4rsXcgDb6e1-a9iTbWzfg,@osmanmorales3012,UC72gBAtyb_VXQlYDcFrh6oQ,Para que participo si el reclama y que a echo por el pais nada,@quorumgt/videos,channel,quorum_complete_comments.csv | youtube_guatemala_plus_comments.csv,/@osmanmorales3012,hace 2 años,3,0,False,,3.0,Para que participo si el reclama y que a echo por el pais nada,participar reclama echo pais,NEG,0.8767416477203369,0.10970240831375122,0.013555915094912052
n8iP75gIpmw,Ugx8FxDKPAY-M_JhRgd4AaABAg,Qué rico come tu diputado,Quorum,UCE4rsXcgDb6e1-a9iTbWzfg,@davidisraelesquitsaquil,UCi1b_TRQfgO1Z9O2gNGGWNA,"Ahora se destapo la CORRUPCION Q EXISTIA Y AHORA SE CONTAMINO despues de ampliacion ahora DEUDAS a la Comunidad Internacional por PRESTAMOS para carreteras, ademas CONCESIONES A AEROPUERTOS, PUERTOS, LAS MISMAS CARRETERAS, todos millonario, EUROBONOS, vender al pais y CANASTA BASICA A Q10,000 todo lo van hacer PERO ESE DINERO QUE OBTENGAN SERA REGALO DEL 👹👹👹 Xq DIOS dara justicia en su momento la JUSTICIA DE DIOS con sus hijitos sera IMPLACABLE y omnipotente🇬🇹🇬🇹🇬🇹🇬🇹",@quorumgt/videos,channel,quorum_complete_comments.csv | youtube_guatemala_plus_comments.csv,/@davidisraelesquitsaquil,hace 2 años, ,0,False,,,"Ahora se destapo la CORRUPCION Q EXISTIA Y AHORA SE CONTAMINO despues de ampliacion ahora DEUDAS a la Comunidad Internacional por PRESTAMOS para carreteras, ademas CONCESIONES A AEROPUERTOS, PUERTOS, LAS MISMAS CARRETERAS, todos millonario, EUROBONOS, vender al pais y CANASTA BASICA A Q10,000 todo lo van hacer PERO ESE DINERO QUE OBTENGAN SERA REGALO DEL 👹👹👹 Xq DIOS dara justicia en su momento la JUSTICIA DE DIOS con sus hijitos sera IMPLACABLE y omnipotente🇬🇹🇬🇹🇬🇹🇬🇹",destapo corrupcion q existia contaminar ampliacion deuda comunidad internacional prestamo carretera concesión aeropuertos puerto carretera millonario eurobono vender pais canasta basico q10 dinero obtengar regalo xq dios dar justicia momento justicia dios hijito implacable omnipotente,NEG,0.8053440451622009,0.18066278100013733,0.013993171975016594
WIUZtitfLRw,Ugx8vuWdqsWZslsS9R14AaABAg,Caminar en una ciudad hecha para carros,Quorum,UCE4rsXcgDb6e1-a9iTbWzfg,@hashojea7348,UCvcu1kR8xMYy_I1Ty-2mV2Q,Excelente nota,@quorumgt/videos,channel,quorum_complete_comments.csv | youtube_guatemala_plus_comments.csv,/@hashojea7348,hace 1 año, ,0,False,,,Excelente nota,excelente nota,NEU,0.17326009273529053,0.497119665145874,0.32962021231651306
OkXlHx0hx-8,Ugx90cmhNaRBNDou1BR4AaABAg,EE.UU. envía a mexicanos deportados a Guatemala antes de su regreso a México | Noticias Telemundo,Noticias Telemundo,UCRwA1NUcUnwsly35ikGhp0A,@rosadiaz6945,UCBlm80VQ4YoV3bUJR_XhkaQ,Miserables el departamento de seguridad de USA,guatemala noticias,topic,youtube_guatemala_comments.csv | youtube_guatemala_plus_comments.csv,/@rosadiaz6945,hace 1 día, ,3,False,,,Miserables el departamento de seguridad de USA,miserable departamento seguridad,NEG,0.5452279448509216,0.4138331711292267,0.04093893617391586
OkXlHx0hx-8,Ugx90cmhNaRBNDou1BR4AaABAg.AaA5Ej9IqgQAaBaWPRQg7K,EE.UU. envía a mexicanos deportados a Guatemala antes de su regreso a México | Noticias Telemundo,Noticias Telemundo,UCRwA1NUcUnwsly35ikGhp0A,@eugeneramirez4405,UCi2KiZq63sRq8Mfbcp-MelQ,"There tired of fraud and corruption and lethal drugs. 
We AMERICANS HAVE VOTED!
you don't like our LAWS lezve!",guatemala noticias,topic,youtube_guatemala_comments.csv | youtube_guatemala_plus_comments.csv,/@eugeneramirez4405,hace 20 horas, ,0,False,,,"There tired of fraud and corruption and lethal drugs. 
We AMERICANS HAVE VOTED!
you don't like our LAWS lezve!",therir tired of fraud and corruption and lethal drugs we americans have voted you don t like our laws lezve,NEG,0.9383435249328613,0.04291043430566788,0.01874602399766445
OkXlHx0hx-8,Ugx90cmhNaRBNDou1BR4AaABAg.AaA5Ej9IqgQAaCnVqXU5cy,EE.UU. envía a mexicanos deportados a Guatemala antes de su regreso a México | Noticias Telemundo,Noticias Telemundo,UCRwA1NUcUnwsly35ikGhp0A,@rosadiaz6945,UCBlm80VQ4YoV3bUJR_XhkaQ,"​ @eugeneramirez4405 
Go away, there's no way to prove you're American.",guatemala noticias,topic,youtube_guatemala_comments.csv | youtube_guatemala_plus_comments.csv,/@rosadiaz6945,hace 9 horas, ,0,False,,,"​ @eugeneramirez4405 
Go away, there's no way to prove you're American.",go away there s way to prove you re americar,NEU,0.3543156087398529,0.4728853702545166,0.17279908061027527
OkXlHx0hx-8,Ugx90cmhNaRBNDou1BR4AaABAg.AaA5Ej9IqgQAaCz3GqqPAJ,EE.UU. envía a mexicanos deportados a Guatemala antes de su regreso a México | Noticias Telemundo,Noticias Telemundo,UCRwA1NUcUnwsly35ikGhp0A,@eugeneramirez4405,UCi2KiZq63sRq8Mfbcp-MelQ,"​ @rosadiaz6945 
Sure 👌 
Whatever you say!",guatemala noticias,topic,youtube_guatemala_comments.csv | youtube_guatemala_plus_comments.csv,/@eugeneramirez4405,hace 7 horas, ,0,False,,,"​ @rosadiaz6945 
Sure 👌 
Whatever you say!",sure whatever you say,NEU,0.03669876977801323,0.6458724141120911,0.3174288272857666
j43HgwYFKfk,UgxCKgaQSm13r2z9hFd4AaABAg,La cooptación de Walter Mazariegos en la USAC,Quorum,UCE4rsXcgDb6e1-a9iTbWzfg,@quijotachapina1,UColMq7LmaoY3MT6aIDGrGvA,"Escuché que solo fingen que las reuniones son virtuales, pero las hacen en un hôtel y encima liquidan los gastos generados 😡",@quorumgt/videos,channel,quorum_complete_comments.csv | youtube_guatemala_plus_comments.csv,/@quijotachapina1,hace 1 año, ,0,False,,,"Escuché que solo fingen que las reuniones son virtuales, pero las hacen en un hôtel y encima liquidan los gastos generados 😡",escuché fingen reunión virtual hôtel liquidar gasto generado,NEG,0.9671465158462524,0.030712714418768883,0.002140746219083667
OkXlHx0hx-8,UgxCT5F3jO763e2aO-t4AaABAg,EE.UU. envía a mexicanos deportados a Guatemala antes de su regreso a México | Noticias Telemundo,Noticias Telemundo,UCRwA1NUcUnwsly35ikGhp0A,@DoraSalas-j5o,UCat2qkYvqmtDNEmo2PVuhXw,Dicen quelos van a mandar a africa cuidao paisas,guatemala noticias,topic,youtube_guatemala_comments.csv | youtube_guatemala_plus_comments.csv,/@DoraSalas-j5o,hace 1 día,1,0,False,,1.0,Dicen quelos van a mandar a africa cuidao paisas,quelo mandar africa cuidao paisa,NEG,0.4778706431388855,0.4705599248409271,0.05156951770186424
lj983NWyAQY,UgxCjFHfuFk1jUGvoIB4AaABAg,Plan 2032 Ciudad de Guatemala,Municipalidad de Guatemala,UCXa6LVjBzUtmcM3cwbd9e2w,@TheAlexX_C,UCSTAUWVc1_82DHYeqOsqEFA,"Que bella es la Ciudad de Guatemala, unica en su clase. 
Saludos desde El Salvador 😸",Municipalidad de Guatemala,topic,lj983NWyAQY_out_comments.csv | youtube_guatemala_plus_comments.csv,/@TheAlexX_C,hace 7 años,191,2,False,,191.0,"Que bella es la Ciudad de Guatemala, unica en su clase. 
Saludos desde El Salvador 😸",bella ciudad guatemala unico clase saludo salvador,POS,0.004337555728852749,0.05013991892337799,0.9455225467681885
yLZS3JiEBg8,UgxD16VX3BhREOtsuhJ4AaABAg,Arroz con pollo a la MONOPOLIO,Quorum,UCE4rsXcgDb6e1-a9iTbWzfg,@DenisRMC,UCcFIBN-rtC3d3hXeuN5TfWw,"Excelente explicación 
Te falto incluir la harina que al final es el mismo dueño de las pastas...eso se llama MONOPOLIO...y tiene nombre
Contra ellos no se puede..hasta este dueño del monopolio hasta apoyo al actual presidente..
Raro..??",@quorumgt/videos,channel,quorum_complete_comments.csv | youtube_guatemala_plus_comments.csv,/@DenisRMC,hace 2 años, ,0,False,,,"Excelente explicación 
Te falto incluir la harina que al final es el mismo dueño de las pastas...eso se llama MONOPOLIO...y tiene nombre
Contra ellos no se puede..hasta este dueño del monopolio hasta apoyo al actual presidente..
Raro..??",excelente explicación faltar incluir harina dueño pasta llamar monopolio nombre dueño monopolio apoyo actual presidente raro,NEG,0.949665367603302,0.04359877109527588,0.0067357695661485195
j43HgwYFKfk,UgxDBhcq11EK83DqrSZ4AaABAg,La cooptación de Walter Mazariegos en la USAC,Quorum,UCE4rsXcgDb6e1-a9iTbWzfg,@genarodelgado3929,UCV0lM03g5fg5pbPj97-sAtA,"Excelente nota prensa!!
Compartan esta información para esos estudiantes ineptos y puedan conocer la realidad!!",@quorumgt,topic,j43HgwYFKfk_out_comments.csv | quorum_complete_comments.csv | youtube_guatemala_plus_comments.csv,/@genarodelgado3929,hace 1 año,1,0,False,,1.0,"Excelente nota prensa!!
Compartan esta información para esos estudiantes ineptos y puedan conocer la realidad!!",excelente nota prenso compartar información estudiante inepto poder realidad,POS,0.013792216777801514,0.18416839838027954,0.802039384841919
lj983NWyAQY,UgxDFo35bUo0APtZcd94AaABAg,Plan 2032 Ciudad de Guatemala,Municipalidad de Guatemala,UCXa6LVjBzUtmcM3cwbd9e2w,@ChRiStOpHeR7969,UC_ljZ1hZXR9pzexFz87P5ZA,"balgame  DIOS   QUE  TAN  ATRASADOS  ESTAN   Y  CUANTO  TIEMPO  PARA  ESTAR  EN  LA  MODERNIDAD OJALA  Y  LO  LOGREN  ,  POR  CUANTOS  PRECIDENTES  TIENE  QUE  PASAR  Y  CONVENSER  PARA  QUE  ESTO  SEA  UNA  REALIDAD",Municipalidad de Guatemala,topic,lj983NWyAQY_out_comments.csv | youtube_guatemala_plus_comments.csv,/@ChRiStOpHeR7969,hace 4 años, ,0,False,,,"balgame  DIOS   QUE  TAN  ATRASADOS  ESTAN   Y  CUANTO  TIEMPO  PARA  ESTAR  EN  LA  MODERNIDAD OJALA  Y  LO  LOGREN  ,  POR  CUANTOS  PRECIDENTES  TIENE  QUE  PASAR  Y  CONVENSER  PARA  QUE  ESTO  SEA  UNA  REALIDAD",balgame dios atrasado tiempo modernidad ojala lograr precident pasar convenser realidad,NEG,0.8030844926834106,0.17560850083827972,0.02130698226392269
06mFNPU0aB8,UgxEE17R1iQyuDZebVF4AaABAg,Capturan a presuntos delincuentes disfrazados de mujer señalados de cometer asalto,Noti7,UCVpSRoZgngfSL03Nlbjtq9A,@jorgecifuentes-m5g,UCLXYp1Cvc5DLtq5UQL5D9vw,TransLadrones ?,guatemala noticias,topic,youtube_guatemala_comments.csv | youtube_guatemala_plus_comments.csv,/@jorgecifuentes-m5g,hace 2 semanas,3,1,False,,3.0,TransLadrones ?,transladrón,NEU,0.12275131791830063,0.8171634078025818,0.06008528545498848
06mFNPU0aB8,UgxEE17R1iQyuDZebVF4AaABAg.A_UFk_pMAbMA_VZ_0Vdu89,Capturan a presuntos delincuentes disfrazados de mujer señalados de cometer asalto,Noti7,UCVpSRoZgngfSL03Nlbjtq9A,@HonwayLee-z5g,UCfjhejO7LZy4doXURa7LZCQ,😂😂,guatemala noticias,topic,youtube_guatemala_comments.csv | youtube_guatemala_plus_comments.csv,/@HonwayLee-z5g,hace 2 semanas, ,0,False,,,😂😂,,NEU,0.19586583971977234,0.7157944440841675,0.08833969384431839
n8iP75gIpmw,UgxE_8DGgJmaHaV_WLJ4AaABAg,Qué rico come tu diputado,Quorum,UCE4rsXcgDb6e1-a9iTbWzfg,@romeolopezherrarte799,UCplrIQtaPj6au60_f2-mOYw,JAJAJAJA  SE METEN A HACER UN PROYECTO DE FERROCARRIL  A GUATEMALA LA DEJAN COMO ÁFRICA,@quorumgt/videos,channel,quorum_complete_comments.csv | youtube_guatemala_plus_comments.csv,/@romeolopezherrarte799,hace 2 años, ,0,False,,,JAJAJAJA  SE METEN A HACER UN PROYECTO DE FERROCARRIL  A GUATEMALA LA DEJAN COMO ÁFRICA,jajajaja metar proyecto ferrocarril guatemala dejar áfrica,NEG,0.8431580662727356,0.14671321213245392,0.010128688998520374
6W4u8sGEnGM,UgxEsAK7q3l34wFdZ414AaABAg,Inician los trabajos de recuperación del Puente Belice II.,Gobierno de la República de Guatemala,UC-ZtFBHzgkYFh7whZkuR_Ag,@RolandoGonzalez-o7g,UCql1n3Ey6ULMSOACjMe-fxQ,"El Salvador que es un país tan pequeño está haciendo maravillas en su estructura su presidente.
  Y Guatemala que es un mega país, va tan atrasado como la  tortuga.",Gobierno de la República de Guatemala,topic,youtube_guatemala_plus_comments.csv | youtube_lab_targets_small_comments.csv,/@RolandoGonzalez-o7g,hace 6 días,6,7,False,,6.0,"El Salvador que es un país tan pequeño está haciendo maravillas en su estructura su presidente.
  Y Guatemala que es un mega país, va tan atrasado como la  tortuga.",salvador país pequeño maravilla estructura presidente guatemala mega país atrasado tortuga,NEG,0.9653482437133789,0.029614455997943878,0.005037326831370592
6W4u8sGEnGM,UgxEsAK7q3l34wFdZ414AaABAg.A_zCnf5bSajA_zKDdWQaaO,Inician los trabajos de recuperación del Puente Belice II.,Gobierno de la República de Guatemala,UC-ZtFBHzgkYFh7whZkuR_Ag,@luisricardo9671,UCZFQwqh90apuL8eFhvRBkUg,"Nayib Bukele lleva 7 años como presidente de El Salvador teniendo todos los poderes del estado a su favor, y el de Guate con todas las trabas que le pusieron los 2 primeros años, y queres un mega pais en 3 años no jodas, ni un edificio de 15 niveles lo terminan en 4 años, no esperes que la corrupcion de 30 años la solucionen en un periodo de gobierno estan dejando simientos pero si seguimos poniendo presidentes como los antecesores de este olvidate que ese puente lo terminen y seguiras viendo el pais en ruinas.",Gobierno de la República de Guatemala,topic,youtube_guatemala_plus_comments.csv | youtube_lab_targets_small_comments.csv,/@luisricardo9671,hace 6 días,9,0,False,,9.0,"Nayib Bukele lleva 7 años como presidente de El Salvador teniendo todos los poderes del estado a su favor, y el de Guate con todas las trabas que le pusieron los 2 primeros años, y queres un mega pais en 3 años no jodas, ni un edificio de 15 niveles lo terminan en 4 años, no esperes que la corrupcion de 30 años la solucionen en un periodo de gobierno estan dejando simientos pero si seguimos poniendo presidentes como los antecesores de este olvidate que ese puente lo terminen y seguiras viendo el pais en ruinas.",nayib bukele año presidente salvador tener poder favor guate traba poner año quer mega pais año joda edificio nivel terminar año esper corrupcion año solucionar periodo gobierno dejar simiento seguir poner president antecesor olvidate puente terminir seguira ver pais ruina,NEG,0.9545396566390991,0.0394793264567852,0.005980988498777151
6W4u8sGEnGM,UgxEsAK7q3l34wFdZ414AaABAg.A_zCnf5bSajA_zMcZPgoSk,Inician los trabajos de recuperación del Puente Belice II.,Gobierno de la República de Guatemala,UC-ZtFBHzgkYFh7whZkuR_Ag,@Israel-u5i7i,UCoGdCoJg2Lh0OX_jv6cG16g,​ @luisricardo9671 comentario bien acertado saludos amigo🧐🧐🧐,Gobierno de la República de Guatemala,topic,youtube_guatemala_plus_comments.csv | youtube_lab_targets_small_comments.csv,/@Israel-u5i7i,hace 6 días,2,0,False,,2.0,​ @luisricardo9671 comentario bien acertado saludos amigo🧐🧐🧐,comentario acertado saludo amigo,NEU,0.034235890954732895,0.5122784972190857,0.4534856081008911
6W4u8sGEnGM,UgxEsAK7q3l34wFdZ414AaABAg.A_zCnf5bSajA_zX0eQk5DZ,Inician los trabajos de recuperación del Puente Belice II.,Gobierno de la República de Guatemala,UC-ZtFBHzgkYFh7whZkuR_Ag,@Murmullodelbarrio,UCyJhqmMbsvjpoarBBStA2kg,"Vos risa das lagarto h..... e p....... a
Ya quisieras que esto lo tuvieras en el Salvador 
A chngr a su madre a su país agrandado de m.....",Gobierno de la República de Guatemala,topic,youtube_guatemala_plus_comments.csv | youtube_lab_targets_small_comments.csv,/@Murmullodelbarrio,hace 6 días, ,0,False,,,"Vos risa das lagarto h..... e p....... a
Ya quisieras que esto lo tuvieras en el Salvador 
A chngr a su madre a su país agrandado de m.....",vo risa da lagarto h p quisiera tuvierar salvador chngr madre país agrandado m,NEG,0.9607275724411011,0.025971610099077225,0.013300793245434761
6W4u8sGEnGM,UgxEsAK7q3l34wFdZ414AaABAg.A_zCnf5bSajA_zXHoAX3hj,Inician los trabajos de recuperación del Puente Belice II.,Gobierno de la República de Guatemala,UC-ZtFBHzgkYFh7whZkuR_Ag,@Murmullodelbarrio,UCyJhqmMbsvjpoarBBStA2kg,"​ @luisricardo9671 
Y ni así ha hecho algo similar el Bujele
Solo en seguridad ya se terminó toda la economía de el Pulgarcito y ya no tiene ni quien le preste más dinero",Gobierno de la República de Guatemala,topic,youtube_guatemala_plus_comments.csv | youtube_lab_targets_small_comments.csv,/@Murmullodelbarrio,hace 6 días,3,0,False,,3.0,"​ @luisricardo9671 
Y ni así ha hecho algo similar el Bujele
Solo en seguridad ya se terminó toda la economía de el Pulgarcito y ya no tiene ni quien le preste más dinero",similar bujele seguridad terminar economía pulgarcito prestir dinero,NEG,0.9771748185157776,0.018633505329489708,0.0041916645132005215
6W4u8sGEnGM,UgxEsAK7q3l34wFdZ414AaABAg.A_zCnf5bSajA_zXUuRIq0q,Inician los trabajos de recuperación del Puente Belice II.,Gobierno de la República de Guatemala,UC-ZtFBHzgkYFh7whZkuR_Ag,@Murmullodelbarrio,UCyJhqmMbsvjpoarBBStA2kg,"Vos Rolando
Tu Bujele lleva 7 años con la cuesta los chorros y ni eso puede terminar
Ja jaaaaaaaaa viva Guatemala",Gobierno de la República de Guatemala,topic,youtube_guatemala_plus_comments.csv | youtube_lab_targets_small_comments.csv,/@Murmullodelbarrio,hace 6 días,4,0,False,,4.0,"Vos Rolando
Tu Bujele lleva 7 años con la cuesta los chorros y ni eso puede terminar
Ja jaaaaaaaaa viva Guatemala",vo rolar bujele año cuesta chorro terminar ja jaaaaaaaaa vivo guatemala,NEG,0.7638126611709595,0.19799476861953735,0.038192540407180786
6W4u8sGEnGM,UgxEsAK7q3l34wFdZ414AaABAg.A_zCnf5bSajA_znUL05zze,Inician los trabajos de recuperación del Puente Belice II.,Gobierno de la República de Guatemala,UC-ZtFBHzgkYFh7whZkuR_Ag,@AbigailRodas-w2r,UC63tFvbQ_hJhGDi2nbjssjw,Que fácil te dejas engañar al parecer todas se las crees a Bukeli,Gobierno de la República de Guatemala,topic,youtube_guatemala_plus_comments.csv | youtube_lab_targets_small_comments.csv,/@AbigailRodas-w2r,hace 6 días,2,0,False,,2.0,Que fácil te dejas engañar al parecer todas se las crees a Bukeli,fácil dejar engañar parecer crees bukeli,NEG,0.9121988415718079,0.0774252787232399,0.010375874117016792
6W4u8sGEnGM,UgxEsAK7q3l34wFdZ414AaABAg.A_zCnf5bSajAa0q77b9a3F,Inician los trabajos de recuperación del Puente Belice II.,Gobierno de la República de Guatemala,UC-ZtFBHzgkYFh7whZkuR_Ag,@carlosgranados9875,UCtCtts20bW6F9CSohau51Iw,"Y cual mega maravillas de guanacolandia, un estadio chino, un metro cable de 3 kilometros de distancia y un via llamada los chorros que lleva como 5 años y nunca lo terminan. Por favor investiga un poco antes de abrir la bocota. Haaa¡ y se me olvidaba  la gran deuda externa que tienen.☝️🧐🇬🇹🇬🇹🇬🇹🇬🇹",Gobierno de la República de Guatemala,topic,youtube_guatemala_plus_comments.csv | youtube_lab_targets_small_comments.csv,/@carlosgranados9875,hace 5 días, ,0,False,,,"Y cual mega maravillas de guanacolandia, un estadio chino, un metro cable de 3 kilometros de distancia y un via llamada los chorros que lleva como 5 años y nunca lo terminan. Por favor investiga un poco antes de abrir la bocota. Haaa¡ y se me olvidaba  la gran deuda externa que tienen.☝️🧐🇬🇹🇬🇹🇬🇹🇬🇹",megar maravilla guanacolandia estadio chino metro cable kilometro distancia via llamado chorro año terminar favor investigar abrir bocota haaa olvidar deuda externo,NEG,0.8130664229393005,0.17336797714233398,0.013565503060817719
6W4u8sGEnGM,UgxEsAK7q3l34wFdZ414AaABAg.A_zCnf5bSajAa0qEPC8tJc,Inician los trabajos de recuperación del Puente Belice II.,Gobierno de la República de Guatemala,UC-ZtFBHzgkYFh7whZkuR_Ag,@carlosgranados9875,UCtCtts20bW6F9CSohau51Iw,​ @Murmullodelbarrio 👍🇬🇹,Gobierno de la República de Guatemala,topic,youtube_guatemala_plus_comments.csv | youtube_lab_targets_small_comments.csv,/@carlosgranados9875,hace 5 días, ,0,False,,,​ @Murmullodelbarrio 👍🇬🇹,,NEU,0.07826485484838486,0.7996494770050049,0.12208563089370728
6W4u8sGEnGM,UgxEsAK7q3l34wFdZ414AaABAg.A_zCnf5bSajAa41uU3Anhg,Inician los trabajos de recuperación del Puente Belice II.,Gobierno de la República de Guatemala,UC-ZtFBHzgkYFh7whZkuR_Ag,@hectormaaz5523,UCWaRixDdpgllTBf4V0jPnKQ,Por que votas por los payasos ledrones pollo roncos que han robado el pais trata de arrepentirte y no volver apoyar a sus amigos que ae estan preparando para buscar y pagar votantes,Gobierno de la República de Guatemala,topic,youtube_guatemala_plus_comments.csv | youtube_lab_targets_small_comments.csv,/@hectormaaz5523,hace 4 días, ,0,False,,,Por que votas por los payasos ledrones pollo roncos que han robado el pais trata de arrepentirte y no volver apoyar a sus amigos que ae estan preparando para buscar y pagar votantes,vota payaso ledrón pollo ronco robar pais arrepentirte volver apoyar amigo ae preparar buscar pagar votante,NEG,0.9607798457145691,0.033249612897634506,0.0059705255553126335
n8iP75gIpmw,UgxFOJmnMHqi2dpDaZd4AaABAg,Qué rico come tu diputado,Quorum,UCE4rsXcgDb6e1-a9iTbWzfg,@RolandoRaguay,UCcfdg8crmMJwEuLUsAhV7yg,"Creo que no entienden los Sres periodistas, la comida de trabajo que se hace con personas ajenas del congreso se debe de pagar con dinero del pueblo, más no como antes que en las reuniones del congreso comían gratis todos los diputados",@quorumgt/videos,channel,quorum_complete_comments.csv | youtube_guatemala_plus_comments.csv,/@RolandoRaguay,hace 2 años,1,0,False,,1.0,"Creo que no entienden los Sres periodistas, la comida de trabajo que se hace con personas ajenas del congreso se debe de pagar con dinero del pueblo, más no como antes que en las reuniones del congreso comían gratis todos los diputados",entender sr periodista comida trabajo persona ajeno congreso pagar dinero pueblo reunión congreso comer gratis diputado,NEG,0.8848000764846802,0.1036418080329895,0.011558128520846367
j43HgwYFKfk,UgxFzCyhju6zPSl4zwZ4AaABAg,La cooptación de Walter Mazariegos en la USAC,Quorum,UCE4rsXcgDb6e1-a9iTbWzfg,@alfredoortega9264,UC6Uj1FT5JjDSF8vudvDxPAA,Bendiciones a la licenciada periodista Vásquez que Dios proteja su camino y la guarde siempre durante su trabajo en pos de la universidad 🙏,@quorumgt/videos,channel,quorum_complete_comments.csv | youtube_guatemala_plus_comments.csv,/@alfredoortega9264,hace 1 año,1,0,False,,1.0,Bendiciones a la licenciada periodista Vásquez que Dios proteja su camino y la guarde siempre durante su trabajo en pos de la universidad 🙏,bendición licenciada periodista vásquez dios protejar camino guarde trabajo pos universidad,POS,0.027046501636505127,0.30755147337913513,0.6654019951820374
n8iP75gIpmw,UgxHqBlwo8Dpvv-2P5d4AaABAg,Qué rico come tu diputado,Quorum,UCE4rsXcgDb6e1-a9iTbWzfg,@anaaguirre8985,UCj-LL25XJnjxepPKCc3NGog,"Es claro nesecitan fondos=caja chica estos recursos deben ser canalizados e implementado  material utilizado las comidas podría ser en fondo general si tuviesen invitados en una sesión extendida, tener un piso por persona. (No comprar lujos)
Esperemos ver otras facturas de diferentes bancadas.
Y apoyo toda fiscalización",@quorumgt/videos,channel,quorum_complete_comments.csv | youtube_guatemala_plus_comments.csv,/@anaaguirre8985,hace 2 años,1,0,False,,1.0,"Es claro nesecitan fondos=caja chica estos recursos deben ser canalizados e implementado  material utilizado las comidas podría ser en fondo general si tuviesen invitados en una sesión extendida, tener un piso por persona. (No comprar lujos)
Esperemos ver otras facturas de diferentes bancadas.
Y apoyo toda fiscalización",nesecitar fondo cajar chico recurso canalizar implementar material utilizado comida fondo general tener invitado sesión extendido piso persona comprar lujo esperar factura bancada apoyo fiscalización,NEU,0.08842359483242035,0.8619048595428467,0.04967159032821655
j43HgwYFKfk,UgxJQfg5iHA6vRWS0El4AaABAg,La cooptación de Walter Mazariegos en la USAC,Quorum,UCE4rsXcgDb6e1-a9iTbWzfg,@HectorCarranza-u4j4o,UC1DpqK6vaPEkBOMNvypsKYg,se tiene unir el pueblo y zacar a este corrupto y.criminal xq el pueblo manda no es este mafioso xq este wualter masariego esta sin visa x tramposo es aliado al.pacto de.corruptos y.fe todos los terriristas,@quorumgt/videos,channel,quorum_complete_comments.csv | youtube_guatemala_plus_comments.csv,/@HectorCarranza-u4j4o,hace 6 meses, ,0,False,,,se tiene unir el pueblo y zacar a este corrupto y.criminal xq el pueblo manda no es este mafioso xq este wualter masariego esta sin visa x tramposo es aliado al.pacto de.corruptos y.fe todos los terriristas,unir pueblo zacar corrupto criminal xq pueblo manda mafioso xq wualter masariego visa x tramposo aliar pacto corrupto fir terrirista,NEG,0.924941897392273,0.06159154698252678,0.013466591946780682
ndAZjHqzzT8,UgxK5IJwWigmJ56Xp7p4AaABAg,Internet: escoger el menos malo,Quorum,UCE4rsXcgDb6e1-a9iTbWzfg,@inge_vergueta,UCpsKOkt5iWTbenzeuq7dsmQ,Magistral información. Que debería ser viral y llegar a toda la población...,@quorumgt/videos,channel,quorum_complete_comments.csv | youtube_guatemala_plus_comments.csv,/@inge_vergueta,hace 2 años,1,0,False,,1.0,Magistral información. Que debería ser viral y llegar a toda la población...,magistral información deber viral llegar población,POS,0.031160984188318253,0.22989016771316528,0.7389488816261292
n8iP75gIpmw,UgxKfM_nJMsGTkKkM8V4AaABAg,Qué rico come tu diputado,Quorum,UCE4rsXcgDb6e1-a9iTbWzfg,@luisgpacheco5858,UCDftMWXQoJ6nONfY7GVOVjg,"Diga hasta misa diputado hambriento, cualquier justificación es pretexto y deje de buscar protagonismo en un trabajo que no hace eficientemente, ojalá la gente sensata nunca más vuelva a dar un voto en una planilla en donde figuren tipos de esta vil calaña.",@quorumgt/videos,channel,quorum_complete_comments.csv | youtube_guatemala_plus_comments.csv,/@luisgpacheco5858,hace 2 años, ,0,False,,,"Diga hasta misa diputado hambriento, cualquier justificación es pretexto y deje de buscar protagonismo en un trabajo que no hace eficientemente, ojalá la gente sensata nunca más vuelva a dar un voto en una planilla en donde figuren tipos de esta vil calaña.",decir misa diputado hambriento justificación pretexto deje buscar protagonismo trabajo eficientemente ojalá gente sensato volver voto planilla figurir tipo vil calaño,NEG,0.9731692671775818,0.021239029243588448,0.00559169752523303
n8iP75gIpmw,UgxLNf6Xy3xngPFLs594AaABAg,Qué rico come tu diputado,Quorum,UCE4rsXcgDb6e1-a9iTbWzfg,@beneficioelcaminovillacana8540,UCYwpX26TrCxq8TvbKGRYLXA,Sr diputado si ud sabe cuales son las condiciones del funcionamiento y sus consecuencias de ser diputado. Por qué se mete a ser diputado cual es su objetivo q le motiva  ser funcionario político. O acaso lo obligaron ?,@quorumgt/videos,channel,quorum_complete_comments.csv | youtube_guatemala_plus_comments.csv,/@beneficioelcaminovillacana8540,hace 2 años,3,0,False,,3.0,Sr diputado si ud sabe cuales son las condiciones del funcionamiento y sus consecuencias de ser diputado. Por qué se mete a ser diputado cual es su objetivo q le motiva  ser funcionario político. O acaso lo obligaron ?,sr diputado ud condición funcionamiento consecuencia diputado meter diputado objetivo q motivar funcionario político acaso obligar,NEG,0.8505210280418396,0.14336702227592468,0.00611202884465456
n8iP75gIpmw,UgxLSZD8ZrNFmd10RKR4AaABAg,Qué rico come tu diputado,Quorum,UCE4rsXcgDb6e1-a9iTbWzfg,@gorrarota,UCUIIIPTVDVHAXqhC_5V6lPA,"Que desgraciado ese dipurrata, justificando lo injustificable... no sólo se reunen para planear sus transas si no que además pagamos la factura de esas reuniones y cuidado que menciona a Arévago con una de las transas que pretende hacer con lo de ""tecnología"" que dice es su trabajo como legislador.",@quorumgt/videos,channel,quorum_complete_comments.csv | youtube_guatemala_plus_comments.csv,/@gorrarota,hace 2 años, ,0,False,,,"Que desgraciado ese dipurrata, justificando lo injustificable... no sólo se reunen para planear sus transas si no que además pagamos la factura de esas reuniones y cuidado que menciona a Arévago con una de las transas que pretende hacer con lo de ""tecnología"" que dice es su trabajo como legislador.",desgraciar dipurrata justificar injustificable reunir planear transa pagar factura reunión cuidado mencionar arévago transa pretender tecnología trabajo legislador,NEG,0.9717497229576111,0.023254571482539177,0.004995706956833601
6W4u8sGEnGM,UgxNSGVebHMGSFI8zX94AaABAg,Inician los trabajos de recuperación del Puente Belice II.,Gobierno de la República de Guatemala,UC-ZtFBHzgkYFh7whZkuR_Ag,@josegil3813,UCzZ6dDCEsLMXbc5pCFXIprw,"tendra' una vista maravillosa , pero lo feo sera' la vista del rio aguas negras muy negativo para el turismo internacional.-",Gobierno de la República de Guatemala,topic,youtube_guatemala_plus_comments.csv | youtube_lab_targets_small_comments.csv,/@josegil3813,hace 6 días, ,0,False,,,"tendra' una vista maravillosa , pero lo feo sera' la vista del rio aguas negras muy negativo para el turismo internacional.-",tendrar vista maravilloso feo vista rio agua negro negativo turismo internacional,NEG,0.8930358290672302,0.08866069465875626,0.01830349490046501
PjmxCj-a9Hg,UgxNgFkGSE6nct4PF3V4AaABAg,Conferencia de Prensa del Gobierno de Guatemala. #LaRondaGt,Gobierno de la República de Guatemala,UC-ZtFBHzgkYFh7whZkuR_Ag,@juandeleon9060,UCNIeXbV_mEwpa412h1aqUWw,Regresa. Y. Bas de buelta. Ala carsel....,@GobiernodeGuatemala,topic,PjmxCj-a9Hg_out_comments.csv | youtube_guatemala_plus_comments.csv,/@juandeleon9060,hace 1 año, ,0,False,,,Regresa. Y. Bas de buelta. Ala carsel....,regresar bas buelta ala carsel,NEU,0.12626877427101135,0.7461709976196289,0.12756024301052094
ndAZjHqzzT8,UgxOO0LIkZP1WvhR1U54AaABAg,Internet: escoger el menos malo,Quorum,UCE4rsXcgDb6e1-a9iTbWzfg,@imrcp5694,UC_6KbBY1bsYXz9fwFS0eQRg,Exelente 👌,@quorumgt/videos,channel,quorum_complete_comments.csv | youtube_guatemala_plus_comments.csv,/@imrcp5694,hace 2 años, ,0,False,,,Exelente 👌,exelente,POS,0.005033490713685751,0.04359231889247894,0.9513742327690125
6W4u8sGEnGM,UgxPHo503SIH-EmlR-t4AaABAg,Inician los trabajos de recuperación del Puente Belice II.,Gobierno de la República de Guatemala,UC-ZtFBHzgkYFh7whZkuR_Ag,@albertoshernandez5251,UCV3fr-YOixFKCZBbJP1-X4w,"EL PRESIDENTE BERNARDO AREVALO TIENE QUE DAR SEGUNDA BUELTA COMO PRESIDENTE PARA QUE TERMINE TODOS LOS PROYECTOS QUE LOS ANTERIORES PRESINTES LADRONES NO FINALISARON .,EL PRESIDENTE BERNARDO AREVALO TIENE QUE DAR SEGUNDA BUELTA PORQUE SE VE MUY BIÉN QUE SI ESTA HACIENDO MUCHAS COSAS BUENAS EN GUATEMALA 👍.",Gobierno de la República de Guatemala,topic,youtube_guatemala_plus_comments.csv | youtube_lab_targets_small_comments.csv,/@albertoshernandez5251,hace 6 días,2,0,False,,2.0,"EL PRESIDENTE BERNARDO AREVALO TIENE QUE DAR SEGUNDA BUELTA COMO PRESIDENTE PARA QUE TERMINE TODOS LOS PROYECTOS QUE LOS ANTERIORES PRESINTES LADRONES NO FINALISARON .,EL PRESIDENTE BERNARDO AREVALO TIENE QUE DAR SEGUNDA BUELTA PORQUE SE VE MUY BIÉN QUE SI ESTA HACIENDO MUCHAS COSAS BUENAS EN GUATEMALA 👍.",presidente bernardo arevalo buelta presidente terminar proyecto anterior presint ladrón finalisar presidente bernardo arevalo buelta ver bién cosa guatemala,POS,0.03246058523654938,0.17034518718719482,0.7971941828727722
n8iP75gIpmw,UgxPRaGm9MdlK4U6VPt4AaABAg,Qué rico come tu diputado,Quorum,UCE4rsXcgDb6e1-a9iTbWzfg,@federicosaquimux1933,UCDQaQv0hr2SS_PO-CMEwVHg,"Bueno, si lo tienen más que ""merecido"" por el trabajo por la patria, hay menús más baratos. Aunque lo justifica y lo rejustifica, no es merecido con tanta desnutrición y costo de la canasta básica.

Por honestidad, se puede reintegrar.",@quorumgt/videos,channel,quorum_complete_comments.csv | youtube_guatemala_plus_comments.csv,/@federicosaquimux1933,hace 2 años (editado),1,0,False,,1.0,"Bueno, si lo tienen más que ""merecido"" por el trabajo por la patria, hay menús más baratos. Aunque lo justifica y lo rejustifica, no es merecido con tanta desnutrición y costo de la canasta básica.

Por honestidad, se puede reintegrar.",merecer trabajo patria menú barato justificar rejustifica merecer tanto desnutrición costo canasta básico honestidad reintegrar,NEG,0.6716200113296509,0.28425848484039307,0.04412145912647247
yLZS3JiEBg8,UgxQC-ejR063rkAb1VB4AaABAg,Arroz con pollo a la MONOPOLIO,Quorum,UCE4rsXcgDb6e1-a9iTbWzfg,@jabriz8152,UCefAH1MbvADWUjE9WVcB9EQ,"Y no hay manera de aprobar la ley de libre competencia, Guatepeor, aranceles, trabas a importaciones, suministros, hasta cuando",@quorumgt/videos,channel,quorum_complete_comments.csv | youtube_guatemala_plus_comments.csv,/@jabriz8152,hace 2 años (editado), ,0,False,,,"Y no hay manera de aprobar la ley de libre competencia, Guatepeor, aranceles, trabas a importaciones, suministros, hasta cuando",aprobar ley libre competencia guatepeor arancel traba importación suministro,NEG,0.9801211357116699,0.01704585738480091,0.002833001781255007
n8iP75gIpmw,UgxR0AXNH_3DGn-T1494AaABAg,Qué rico come tu diputado,Quorum,UCE4rsXcgDb6e1-a9iTbWzfg,@osmanmorales3012,UC72gBAtyb_VXQlYDcFrh6oQ,Y para que participan si por el sueldo no es sino por robar,@quorumgt/videos,channel,quorum_complete_comments.csv | youtube_guatemala_plus_comments.csv,/@osmanmorales3012,hace 2 años,15,0,False,,15.0,Y para que participan si por el sueldo no es sino por robar,participar sueldo robar,NEG,0.773686945438385,0.21355345845222473,0.012759522534906864
6W4u8sGEnGM,UgxR1eqvFSEtPNShD8x4AaABAg,Inician los trabajos de recuperación del Puente Belice II.,Gobierno de la República de Guatemala,UC-ZtFBHzgkYFh7whZkuR_Ag,@anibalg47,UCEHXl4VvvVpq-_4xC5tsbhg,SEÑORES ESTE ES UN MEGA PROYECTO. DEBEMOS TRABAJAR Y PENSAR EN EL FUTURO DE GUATEMALA.AVANCEMOS HACIA ADELANTE.  DELANTE...,Gobierno de la República de Guatemala,topic,youtube_guatemala_plus_comments.csv | youtube_lab_targets_small_comments.csv,/@anibalg47,hace 6 días,7,0,False,,7.0,SEÑORES ESTE ES UN MEGA PROYECTO. DEBEMOS TRABAJAR Y PENSAR EN EL FUTURO DE GUATEMALA.AVANCEMOS HACIA ADELANTE.  DELANTE...,señor mega proyecto deber trabajar pensar futuro guatemala avancemo,POS,0.02212933637201786,0.21195079386234283,0.7659198641777039
6W4u8sGEnGM,UgxS0pN-vg0fjeNSLeJ4AaABAg,Inician los trabajos de recuperación del Puente Belice II.,Gobierno de la República de Guatemala,UC-ZtFBHzgkYFh7whZkuR_Ag,@franciscojuarez9223,UCeQk-WfEA-cJRq4EKeE7TOw,lamento arruinarles la fiesta pero dudo que esto logren materializarlo y si se logra que soporte un fuerte sismo... lo dudo... desde ya es un reto para el nivel de corrupción en el que vivimos y que se termine esta obra que si beneficiara a miles,Gobierno de la República de Guatemala,topic,youtube_guatemala_plus_comments.csv | youtube_lab_targets_small_comments.csv,/@franciscojuarez9223,hace 6 días, ,0,False,,,lamento arruinarles la fiesta pero dudo que esto logren materializarlo y si se logra que soporte un fuerte sismo... lo dudo... desde ya es un reto para el nivel de corrupción en el que vivimos y que se termine esta obra que si beneficiara a miles,lamento arruinarl fiesta dudo lograr materializar él lograr soporte fuerte sismo dudo reto nivel corrupción vivir terminar obra beneficiar mil,NEG,0.970958411693573,0.024794872850179672,0.004246611148118973
n8iP75gIpmw,UgxTjz0jSJkZW5dGnSp4AaABAg,Qué rico come tu diputado,Quorum,UCE4rsXcgDb6e1-a9iTbWzfg,@ARGELIATELON,UCkd9W714-947dEE6ZOEBATA,"Nomás se sientan en el cargo de diputados y ministros y....les crecen ""los cachetes"" hasta les brillan y la barriga. Ej. Benito (tamaletas), Sinibaldi y otros. Y nuestros niños desnutridos....les viene del aire.",@quorumgt/videos,channel,quorum_complete_comments.csv | youtube_guatemala_plus_comments.csv,/@ARGELIATELON,hace 2 años, ,0,False,,,"Nomás se sientan en el cargo de diputados y ministros y....les crecen ""los cachetes"" hasta les brillan y la barriga. Ej. Benito (tamaletas), Sinibaldi y otros. Y nuestros niños desnutridos....les viene del aire.",nomás sentar cargo diputado ministro crecer cachet brillan barriga ej benito tamaleta sinibaldi niño desnutrido venir aire,NEG,0.9631775617599487,0.0310866329818964,0.005735847167670727
n8iP75gIpmw,UgxVUS-jkZU2DAjmNjR4AaABAg,Qué rico come tu diputado,Quorum,UCE4rsXcgDb6e1-a9iTbWzfg,@hectorcarranza3777,UCljDbleJul41G1TzOjOZAVA,x eso es que estan bravos todos esos sinverguenzas xq ya no pueden hacer sus cochinadas ahora con don vernardo arevalo antes asian amedia noche a escondidas del pueblo ahora seles termino todo que verguenza que el pueblo sufriendo muchos problemas y eyos gosando de buenas dietas,@quorumgt/videos,channel,quorum_complete_comments.csv | youtube_guatemala_plus_comments.csv,/@hectorcarranza3777,hace 2 años,1,0,False,,1.0,x eso es que estan bravos todos esos sinverguenzas xq ya no pueden hacer sus cochinadas ahora con don vernardo arevalo antes asian amedia noche a escondidas del pueblo ahora seles termino todo que verguenza que el pueblo sufriendo muchos problemas y eyos gosando de buenas dietas,x bravo sinverguenza xq cochinada don vernardo arevalo asiar amediar noche escondidas pueblo sel termino verguenzar pueblo sufrir problema eyo gosar dieta,NEG,0.9683577418327332,0.027581803500652313,0.004060452338308096
j43HgwYFKfk,UgxW0ZnTohConSPgOpp4AaABAg,La cooptación de Walter Mazariegos en la USAC,Quorum,UCE4rsXcgDb6e1-a9iTbWzfg,@karensussetteleonvargas9794,UCGGHbtfbbe0o68etrOf0qxw,Exelente,@quorumgt/videos,channel,quorum_complete_comments.csv | youtube_guatemala_plus_comments.csv,/@karensussetteleonvargas9794,hace 6 meses, ,0,False,,,Exelente,exelente,POS,0.0072461883537471294,0.04819606617093086,0.944557785987854
OkXlHx0hx-8,UgxWzoHDeFfVC7jrjzF4AaABAg,EE.UU. envía a mexicanos deportados a Guatemala antes de su regreso a México | Noticias Telemundo,Noticias Telemundo,UCRwA1NUcUnwsly35ikGhp0A,@aurahernandez5646,UCVdjCrh4tQoX3haNAZv-n5A,Dios los bendiga y disfruten su familia Dios sabe lo que hace bendiciones para todos.,guatemala noticias,topic,youtube_guatemala_comments.csv | youtube_guatemala_plus_comments.csv,/@aurahernandez5646,hace 1 día,3,1,False,,3.0,Dios los bendiga y disfruten su familia Dios sabe lo que hace bendiciones para todos.,dio bendiga disfrutir familia dio bendición,POS,0.004176653455942869,0.04440731182694435,0.9514160752296448
OkXlHx0hx-8,UgxWzoHDeFfVC7jrjzF4AaABAg.Aa9DdH5avRRAaB_gLYRAuw,EE.UU. envía a mexicanos deportados a Guatemala antes de su regreso a México | Noticias Telemundo,Noticias Telemundo,UCRwA1NUcUnwsly35ikGhp0A,@eugeneramirez4405,UCi2KiZq63sRq8Mfbcp-MelQ,If you're not a citizen you cannot stay!,guatemala noticias,topic,youtube_guatemala_comments.csv | youtube_guatemala_plus_comments.csv,/@eugeneramirez4405,hace 20 horas, ,0,False,,,If you're not a citizen you cannot stay!,if you re not citizen you cannot stay,NEG,0.6682212352752686,0.267457515001297,0.06432124972343445
j43HgwYFKfk,UgxXGkvxY-TdtPROWcV4AaABAg,La cooptación de Walter Mazariegos en la USAC,Quorum,UCE4rsXcgDb6e1-a9iTbWzfg,@mariocordon8873,UCZeIIQrGAedW8tCbKWmGY-A,No cabe duda que es el reflejo de la cooptacion que el pacto de corruptos a echo en todas las instituciones del pais.,@quorumgt,topic,j43HgwYFKfk_out_comments.csv | quorum_complete_comments.csv | youtube_guatemala_plus_comments.csv,/@mariocordon8873,hace 1 año,9,0,False,,9.0,No cabe duda que es el reflejo de la cooptacion que el pacto de corruptos a echo en todas las instituciones del pais.,caber duda reflejo cooptacion pacto corrupto echo institución pais,NEG,0.9457166790962219,0.0432528480887413,0.011030548252165318
ndAZjHqzzT8,UgxXy9CurqMBEjFnVwF4AaABAg,Internet: escoger el menos malo,Quorum,UCE4rsXcgDb6e1-a9iTbWzfg,@hashojea7348,UCvcu1kR8xMYy_I1Ty-2mV2Q,"Excelente video, me acabo de suscribir al canal y ahora a ver los demás videos.",@quorumgt/videos,channel,quorum_complete_comments.csv | youtube_guatemala_plus_comments.csv,/@hashojea7348,hace 2 años, ,0,False,,,"Excelente video, me acabo de suscribir al canal y ahora a ver los demás videos.",excelente video acabar suscribir canal video,POS,0.0027395966462790966,0.03689618036150932,0.9603642821311951
n8iP75gIpmw,UgxZFzh6jzOX7Avhk1h4AaABAg,Qué rico come tu diputado,Quorum,UCE4rsXcgDb6e1-a9iTbWzfg,@allanmunoz7410,UCFUuDARXdmmIrLppEqf-rFg,"Es con criterio, no le podemos exigir mucho.",@quorumgt/videos,channel,quorum_complete_comments.csv | youtube_guatemala_plus_comments.csv,/@allanmunoz7410,hace 2 años, ,0,False,,,"Es con criterio, no le podemos exigir mucho.",criterio exigir,NEU,0.3446086645126343,0.5728293657302856,0.08256199210882187
yLZS3JiEBg8,Ugx_gjcVH5SlIKBNTGh4AaABAg,Arroz con pollo a la MONOPOLIO,Quorum,UCE4rsXcgDb6e1-a9iTbWzfg,@alhvi,UCCUmP4PlbwgikVFpYwbtRTg,"Excelente trabajo. Sigan haciendo más vídeos así, explicando con lenguaje sencillo. Quisiera apoyarles más, pero les dejo mi like, comentario y comparto.",@quorumgt/videos,channel,quorum_complete_comments.csv | youtube_guatemala_plus_comments.csv,/@alhvi,hace 2 años,3,0,False,,3.0,"Excelente trabajo. Sigan haciendo más vídeos así, explicando con lenguaje sencillo. Quisiera apoyarles más, pero les dejo mi like, comentario y comparto.",excelente trabajo seguir vídeo explicar lenguaje sencillo querer apoyarl dejar like comentario comparto,POS,0.004576226230710745,0.07086178660392761,0.9245620369911194
06mFNPU0aB8,Ugxb-sknzjBr3wecCw94AaABAg,Capturan a presuntos delincuentes disfrazados de mujer señalados de cometer asalto,Noti7,UCVpSRoZgngfSL03Nlbjtq9A,@MariaSantos-c8y3h,UCfXykdbSU97rj987LDUGfvg,Por q no dan la cara,guatemala noticias,topic,youtube_guatemala_comments.csv | youtube_guatemala_plus_comments.csv,/@MariaSantos-c8y3h,hace 2 semanas,1,0,False,,1.0,Por q no dan la cara,q cara,NEG,0.9266616106033325,0.0650385245680809,0.008299884386360645
j43HgwYFKfk,Ugxb1xcC9SSJ_5vSArF4AaABAg,La cooptación de Walter Mazariegos en la USAC,Quorum,UCE4rsXcgDb6e1-a9iTbWzfg,@davidlima1348,UC4Avya4kmR4Q0FrfFdBozSQ,"Urge estudiantes y catedráticos con lucha social,en recuperar la autonomía universitaria,es urgente fiscalizar los bienes de quienes estuvieron apoyando a este rector,revisar viajesitos a muchos estudiantes que se vendieron urge una A.E.U. que ame la sancarlos y nuestro bendito país,urgente fiscalizarlos",@quorumgt,topic,j43HgwYFKfk_out_comments.csv | quorum_complete_comments.csv | youtube_guatemala_plus_comments.csv,/@davidlima1348,hace 1 año,11,0,False,,11.0,"Urge estudiantes y catedráticos con lucha social,en recuperar la autonomía universitaria,es urgente fiscalizar los bienes de quienes estuvieron apoyando a este rector,revisar viajesitos a muchos estudiantes que se vendieron urge una A.E.U. que ame la sancarlos y nuestro bendito país,urgente fiscalizarlos",urge estudiante catedrático lucha social recuperar autonomía universitario urgente fiscalizar bien estar apoyar rector revisar viajesito estudiante vendar urge amir sancar él bendito país urgente fiscalizar él,NEU,0.3630000352859497,0.4982491135597229,0.138750821352005
n8iP75gIpmw,Ugxbz7-04jLwadBMK_p4AaABAg,Qué rico come tu diputado,Quorum,UCE4rsXcgDb6e1-a9iTbWzfg,@carlosaguilar-kz7ml,UChep9kVb5gQmpodEEl10Xlg,2000 quetzales todo una quincena se hartaron en un solo dia. Que joyitas estas que no piensan en el pueblo.,@quorumgt/videos,channel,quorum_complete_comments.csv | youtube_guatemala_plus_comments.csv,/@carlosaguilar-kz7ml,hace 2 años, ,0,False,,,2000 quetzales todo una quincena se hartaron en un solo dia. Que joyitas estas que no piensan en el pueblo.,quetza él quincena hartar joyita pensar pueblo,NEG,0.9538969397544861,0.03726346045732498,0.008839573711156845
6W4u8sGEnGM,UgxcBa2IQb3I0JZcFax4AaABAg,Inician los trabajos de recuperación del Puente Belice II.,Gobierno de la República de Guatemala,UC-ZtFBHzgkYFh7whZkuR_Ag,@AlejandroPérez-b6r,UCtsxPYw8VUsH_FfnKg-0lmw,Lo del nombre es lo de menos ojala que si lo terminen esta vez,Gobierno de la República de Guatemala,topic,youtube_guatemala_plus_comments.csv | youtube_lab_targets_small_comments.csv,/@AlejandroP%C3%A9rez-b6r,hace 6 días,2,0,False,,2.0,Lo del nombre es lo de menos ojala que si lo terminen esta vez,nombre ojala terminir,NEU,0.45334064960479736,0.49849459528923035,0.04816478118300438
n8iP75gIpmw,UgxcGV8-rD83ACvM0954AaABAg,Qué rico come tu diputado,Quorum,UCE4rsXcgDb6e1-a9iTbWzfg,@ronyarana8849,UCRlCV9zSn7avAWh-9_XFWqQ,"No es un buen salario 25,000.00 quetzales dice entonces q puedo hacer yo con 3,000.00 tristes quetzales",@quorumgt/videos,channel,quorum_complete_comments.csv | youtube_guatemala_plus_comments.csv,/@ronyarana8849,hace 2 años,1,0,False,,1.0,"No es un buen salario 25,000.00 quetzales dice entonces q puedo hacer yo con 3,000.00 tristes quetzales",salario quetzales q trist quetzal,NEG,0.8563535213470459,0.13407140970230103,0.00957509409636259
n8iP75gIpmw,UgxctiUZJriWwsE0a6J4AaABAg,Qué rico come tu diputado,Quorum,UCE4rsXcgDb6e1-a9iTbWzfg,@yeniferaguirre4498,UCut6b9S98nv84cVX89PmKzA,Échale un cuento completo este diputado y toda la bola de inservibles que fueron a comerse dinero del pueblo hasta sanguijuelas Oiga bien Dice que Cómo en el erario público y el gobierno como empresa donde una empresa produce dinero ellos gastan dinero desde una empresa no le da un bocado de comida a nadie si no produce ellos no producen ellos son los gastan,@quorumgt/videos,channel,quorum_complete_comments.csv | youtube_guatemala_plus_comments.csv,/@yeniferaguirre4498,hace 2 años, ,0,False,,,Échale un cuento completo este diputado y toda la bola de inservibles que fueron a comerse dinero del pueblo hasta sanguijuelas Oiga bien Dice que Cómo en el erario público y el gobierno como empresa donde una empresa produce dinero ellos gastan dinero desde una empresa no le da un bocado de comida a nadie si no produce ellos no producen ellos son los gastan,échalir cuento completo diputado bola inservibl comer él dinero pueblo sanguijuela oigar erario público gobierno empresa empresa producir dinero gastar dinero empresa bocado comida producir producir gastar,NEG,0.9674016833305359,0.026807639747858047,0.005790716968476772
6W4u8sGEnGM,Ugxd8fn-MEnc3SKPtid4AaABAg,Inician los trabajos de recuperación del Puente Belice II.,Gobierno de la República de Guatemala,UC-ZtFBHzgkYFh7whZkuR_Ag,@lara11roberto,UCfo_yUPzy1f1POwwZxhZ06Q,"Otto Pérez Leal dejó tirado un paso a desnivel en Molino Las Flores y Neto Bran ni se ha molestado en retomar. 
Hay diferencias de políticos. Arévalo, el tiempo le dará la razón.
La paciencia es una virtud.",Gobierno de la República de Guatemala,topic,youtube_guatemala_plus_comments.csv | youtube_lab_targets_small_comments.csv,/@lara11roberto,hace 6 días,1,0,False,,1.0,"Otto Pérez Leal dejó tirado un paso a desnivel en Molino Las Flores y Neto Bran ni se ha molestado en retomar. 
Hay diferencias de políticos. Arévalo, el tiempo le dará la razón.
La paciencia es una virtud.",otto pérez leal tirado paso desnivel molino flor neto brar molestar retomar diferencia político arévalo tiempo dar razón paciencia virtud,NEG,0.6604189872741699,0.2815788984298706,0.05800214782357216
6W4u8sGEnGM,UgxdfjiT5_VBaeADj7h4AaABAg,Inician los trabajos de recuperación del Puente Belice II.,Gobierno de la República de Guatemala,UC-ZtFBHzgkYFh7whZkuR_Ag,@albertoshernandez5251,UCV3fr-YOixFKCZBbJP1-X4w,TODO EL APOYO PARA EL PRESIDENTE BERNARDO AREVALO 👏🎉👏🎉👏🎉👏,Gobierno de la República de Guatemala,topic,youtube_guatemala_plus_comments.csv | youtube_lab_targets_small_comments.csv,/@albertoshernandez5251,hace 6 días,4,0,False,,4.0,TODO EL APOYO PARA EL PRESIDENTE BERNARDO AREVALO 👏🎉👏🎉👏🎉👏,apoyo presidente bernardo arevalo,NEU,0.07937846332788467,0.5336155295372009,0.3870060443878174
n8iP75gIpmw,Ugxe0MXeW4ziwUMTfF54AaABAg,Qué rico come tu diputado,Quorum,UCE4rsXcgDb6e1-a9iTbWzfg,@edwingeovanymarroquinmarro6684,UCTylKrsqkrBKIqubMu_5N0Q,Jejejejejkee porque nosotros vivos con el minimo jejeje,@quorumgt/videos,channel,quorum_complete_comments.csv | youtube_guatemala_plus_comments.csv,/@edwingeovanymarroquinmarro6684,hace 2 años,1,0,False,,1.0,Jejejejejkee porque nosotros vivos con el minimo jejeje,jejejejejkee vivo minimo jejeje,NEU,0.06981786340475082,0.7917836308479309,0.13839849829673767
j43HgwYFKfk,UgxeJQgzDc124jVv7Fx4AaABAg,La cooptación de Walter Mazariegos en la USAC,Quorum,UCE4rsXcgDb6e1-a9iTbWzfg,@leonelsantizo5281,UC5hvEnRUzI4Kfvwnyi4QxqQ,Más claro imposible! Usac sigan en su lucha! Mientras comparto su video para que más personas se informen,@quorumgt,topic,j43HgwYFKfk_out_comments.csv | quorum_complete_comments.csv | youtube_guatemala_plus_comments.csv,/@leonelsantizo5281,hace 1 año,2,0,False,,2.0,Más claro imposible! Usac sigan en su lucha! Mientras comparto su video para que más personas se informen,imposible usac seguir lucha compartir video persona informar,POS,0.013987314887344837,0.24481095373630524,0.7412016987800598
WIUZtitfLRw,Ugxf6gnAtXKqV1Q_zRd4AaABAg,Caminar en una ciudad hecha para carros,Quorum,UCE4rsXcgDb6e1-a9iTbWzfg,@blogarteplus,UCVhif9eV0f8plICen2DnpKA,"Excelente reportaje. Les comparto algo que escribí en mi blog sobre mi experiencia siendo peatón en la cabecera departamental de Jutiapa, acá en Guatemala. 
https://mrmannoticias.blogspot.com/2018/04/el-indomito-peaton-de-jutiapa.html",@quorumgt/videos,channel,quorum_complete_comments.csv | youtube_guatemala_plus_comments.csv,/@blogarteplus,hace 1 año, ,0,False,,,"Excelente reportaje. Les comparto algo que escribí en mi blog sobre mi experiencia siendo peatón en la cabecera departamental de Jutiapa, acá en Guatemala. 
https://mrmannoticias.blogspot.com/2018/04/el-indomito-peaton-de-jutiapa.html",excelente reportaje compartir escribir blog experiencia peatón cabecera departamental jutiapa acá guatemala,NEU,0.07347361743450165,0.5532755851745605,0.37325090169906616
n8iP75gIpmw,UgxfUxJfY_pjvu9318Z4AaABAg,Qué rico come tu diputado,Quorum,UCE4rsXcgDb6e1-a9iTbWzfg,@JoseSimilox-p6e,UC1vr9aaMI2crB0NvwFHUeoQ,Ese diputado es mañoso y abusivo como todos solo de artar no hacen nada bueno por el pueblo ladrones el pueblo le paga de Ai tiene que pagar su almuerzo,@quorumgt/videos,channel,quorum_complete_comments.csv | youtube_guatemala_plus_comments.csv,/@JoseSimilox-p6e,hace 1 año, ,0,False,,,Ese diputado es mañoso y abusivo como todos solo de artar no hacen nada bueno por el pueblo ladrones el pueblo le paga de Ai tiene que pagar su almuerzo,diputado mañoso abusivo artar pueblo ladronser pueblo pagar ai pagar almuerzo,NEG,0.97584468126297,0.018890036270022392,0.005265159998089075
n8iP75gIpmw,UgxfnbtuhVQuDILnXj14AaABAg,Qué rico come tu diputado,Quorum,UCE4rsXcgDb6e1-a9iTbWzfg,@ArielRodas-g5y,UCEgEQmRbtL5fwr9_DqAC--g,Que no justifique. Trabajo es trabajo y tiene que haser algo,@quorumgt/videos,channel,quorum_complete_comments.csv | youtube_guatemala_plus_comments.csv,/@ArielRodas-g5y,hace 2 años,2,0,False,,2.0,Que no justifique. Trabajo es trabajo y tiene que haser algo,justifique trabajo trabajo haser,NEU,0.17079687118530273,0.704856276512146,0.12434688210487366
lj983NWyAQY,Ugxgxziq7k4s9WwmauB4AaABAg,Plan 2032 Ciudad de Guatemala,Municipalidad de Guatemala,UCXa6LVjBzUtmcM3cwbd9e2w,@jeanmorales1677,UCIUhbSCy3-SGRe5UtqM4fzQ,Es problema es el exceso de vehículos y eso nadie lo podrá resolver sin contar la falta de educación vial que genera bastante tráfico ya q todos quieren pasar al mismo tiempo. Pero son buenos proyectos.,Municipalidad de Guatemala,topic,lj983NWyAQY_out_comments.csv | youtube_guatemala_plus_comments.csv,/@jeanmorales1677,hace 4 años,1,0,False,,1.0,Es problema es el exceso de vehículos y eso nadie lo podrá resolver sin contar la falta de educación vial que genera bastante tráfico ya q todos quieren pasar al mismo tiempo. Pero son buenos proyectos.,problema exceso vehículo resolver contar falta educación vial generar tráfico q querer pasar tiempo proyecto,NEG,0.9381411075592041,0.05492966249585152,0.006929302122443914
OkXlHx0hx-8,UgxiEgXuexKPtHEwAQJ4AaABAg,EE.UU. envía a mexicanos deportados a Guatemala antes de su regreso a México | Noticias Telemundo,Noticias Telemundo,UCRwA1NUcUnwsly35ikGhp0A,@jesusguzman2321,UCozFYHN0e_-vlQbX3wQGOug,Esa son la noticia de univision y Telemundo  no dan otra positiva al gobierno  ya lo estamos desenmascarando  su manipulación,guatemala noticias,topic,youtube_guatemala_comments.csv | youtube_guatemala_plus_comments.csv,/@jesusguzman2321,hace 1 día,5,2,False,,5.0,Esa son la noticia de univision y Telemundo  no dan otra positiva al gobierno  ya lo estamos desenmascarando  su manipulación,noticia univision telemundo positiva gobierno desenmascarar manipulación,NEG,0.9598485827445984,0.03522683307528496,0.004924618639051914
OkXlHx0hx-8,UgxiEgXuexKPtHEwAQJ4AaABAg.Aa9HLCNywwKAa9OgyseDes,EE.UU. envía a mexicanos deportados a Guatemala antes de su regreso a México | Noticias Telemundo,Noticias Telemundo,UCRwA1NUcUnwsly35ikGhp0A,@Ripped-Yoda,UCQMMuADgqWUOcJpLwHOzC-g,Bajo el crimen y la oferta de casas crecio en Texas…..lastima por tamto ilegal,guatemala noticias,topic,youtube_guatemala_comments.csv | youtube_guatemala_plus_comments.csv,/@Ripped-Yoda,hace 1 día, ,0,False,,,Bajo el crimen y la oferta de casas crecio en Texas…..lastima por tamto ilegal,crimen oferta casa crecio texas lastima tamto ilegal,NEG,0.9323514103889465,0.062344618141651154,0.005303933285176754
OkXlHx0hx-8,UgxiEgXuexKPtHEwAQJ4AaABAg.Aa9HLCNywwKAa9ZeEQh7n7,EE.UU. envía a mexicanos deportados a Guatemala antes de su regreso a México | Noticias Telemundo,Noticias Telemundo,UCRwA1NUcUnwsly35ikGhp0A,@mariaalexander427,UC-QOpE7GOxlXcHZ8b7HbQKA,💯Correcto.  Unicoyote y Telementiras ya jartan con la misma novela y teatro todos los dias.,guatemala noticias,topic,youtube_guatemala_comments.csv | youtube_guatemala_plus_comments.csv,/@mariaalexander427,hace 1 día, ,0,False,,,💯Correcto.  Unicoyote y Telementiras ya jartan con la misma novela y teatro todos los dias.,correcto unicoyote telementira jartar novela teatrir,NEG,0.8376865386962891,0.1414823979139328,0.02083113230764866
lj983NWyAQY,Ugxj76_NAyOnh_vsgMV4AaABAg,Plan 2032 Ciudad de Guatemala,Municipalidad de Guatemala,UCXa6LVjBzUtmcM3cwbd9e2w,@sabinamarinaguerra3248,UC0RpuMwkDKJYqgKHtsJRuWQ,Se ve moderna Y bella la ciudad de Guatemala .......Saludos desde Ecuador,Municipalidad de Guatemala,topic,lj983NWyAQY_out_comments.csv | youtube_guatemala_plus_comments.csv,/@sabinamarinaguerra3248,hace 7 años,113,1,False,,113.0,Se ve moderna Y bella la ciudad de Guatemala .......Saludos desde Ecuador,ver moderno bello ciudad guatemala saludo ecuador,POS,0.0024241325445473194,0.023534109815955162,0.9740417003631592
6W4u8sGEnGM,UgxkcFai5KbeHyhGbnF4AaABAg,Inician los trabajos de recuperación del Puente Belice II.,Gobierno de la República de Guatemala,UC-ZtFBHzgkYFh7whZkuR_Ag,@JorgeMunoz-gd9et,UC-HeUTT6_g-VoiWds2a4H-w,Señor presidente enfoque se en combatir la delincuencia y usted será recordado como el mejor presidente de Guatemala,Gobierno de la República de Guatemala,topic,youtube_guatemala_plus_comments.csv | youtube_lab_targets_small_comments.csv,/@JorgeMunoz-gd9et,hace 6 días, ,0,False,,,Señor presidente enfoque se en combatir la delincuencia y usted será recordado como el mejor presidente de Guatemala,señor presidente enfoque combatir delincuencia recordar presidente guatemala,POS,0.12240267544984818,0.3064437508583069,0.5711535811424255
n8iP75gIpmw,Ugxl5bLZ1llR9fV0V0l4AaABAg,Qué rico come tu diputado,Quorum,UCE4rsXcgDb6e1-a9iTbWzfg,@alfonsomorales2653,UC2Y_EHWQKevubk4vOEBBFxw,"Demos Like y comentemos en este tipo de contenido, asi mas gente se entera de estos tranzas 
Risa dá que pida que hanlen de lo que ""hace bien""..... Es su trabajo pedazo de M",@quorumgt/videos,channel,quorum_complete_comments.csv | youtube_guatemala_plus_comments.csv,/@alfonsomorales2653,hace 2 años,1,0,False,,1.0,"Demos Like y comentemos en este tipo de contenido, asi mas gente se entera de estos tranzas 
Risa dá que pida que hanlen de lo que ""hace bien""..... Es su trabajo pedazo de M",demo like coment tipo contenido gente entera tranzas risa dá pedir hanlar trabajo pedazo m,NEG,0.866354763507843,0.10455983877182007,0.02908541075885296
j43HgwYFKfk,UgxoLjEjkngSVGZvO1N4AaABAg,La cooptación de Walter Mazariegos en la USAC,Quorum,UCE4rsXcgDb6e1-a9iTbWzfg,@inge_vergueta,UCpsKOkt5iWTbenzeuq7dsmQ,👏👏👏👏👏👏,@quorumgt,topic,j43HgwYFKfk_out_comments.csv | quorum_complete_comments.csv | youtube_guatemala_plus_comments.csv,/@inge_vergueta,hace 1 año,2,0,False,,2.0,👏👏👏👏👏👏,,NEU,0.1744927018880844,0.5716179609298706,0.2538893520832062
n8iP75gIpmw,Ugxoc10_rBva4f6IW2N4AaABAg,Qué rico come tu diputado,Quorum,UCE4rsXcgDb6e1-a9iTbWzfg,@TeresaLucero-b5o,UCwW2OFy95P7ZBkOPxWkpvYg,Que devuelvan el pisto ...,@quorumgt/videos,channel,quorum_complete_comments.csv | youtube_guatemala_plus_comments.csv,/@TeresaLucero-b5o,hace 2 años,1,0,False,,1.0,Que devuelvan el pisto ...,devolver pisto,NEU,0.23845961689949036,0.6776946783065796,0.08384571969509125
yLZS3JiEBg8,UgxovP0Yh3_qrKdrKrp4AaABAg,Arroz con pollo a la MONOPOLIO,Quorum,UCE4rsXcgDb6e1-a9iTbWzfg,@marioramirez299,UCwEe1RKlEv1UpNWmWYfSh4w,"Primera contradicción ¿Cómo le van a poner un conjunto de reglas a un ""libre mercado"". Al hacer la ley ya no será un libre mercado.

El problema no es la falta de ley. El problema es el sistema capitalista. No hay que darle tanta vuelta",@quorumgt/videos,channel,quorum_complete_comments.csv | youtube_guatemala_plus_comments.csv,/@marioramirez299,hace 2 años, ,0,False,,,"Primera contradicción ¿Cómo le van a poner un conjunto de reglas a un ""libre mercado"". Al hacer la ley ya no será un libre mercado.

El problema no es la falta de ley. El problema es el sistema capitalista. No hay que darle tanta vuelta",contradicción conjunto regla libre mercado ley libre mercado problema falta ley problema sistema capitalista dar él tanto vuelta,NEG,0.9032521843910217,0.09063874185085297,0.006109151057898998
n8iP75gIpmw,UgxpFKbiejsVGSNIcTh4AaABAg,Qué rico come tu diputado,Quorum,UCE4rsXcgDb6e1-a9iTbWzfg,@nestormendez6216,UCQtICyzWmhC5woCtbNgaSmg,Esa bancada Cabal y otros siguen en la terquedad de gastar en comida. A nadie le deben pagar su comida. A nadie. NADIE.,@quorumgt/videos,channel,quorum_complete_comments.csv | youtube_guatemala_plus_comments.csv,/@nestormendez6216,hace 2 años, ,0,False,,,Esa bancada Cabal y otros siguen en la terquedad de gastar en comida. A nadie le deben pagar su comida. A nadie. NADIE.,bancado cabal seguir terquedad gastar comida pagar comida,NEG,0.9473000168800354,0.04611686244606972,0.006583115551620722
n8iP75gIpmw,UgxqEChOyWebtVaqy-V4AaABAg,Qué rico come tu diputado,Quorum,UCE4rsXcgDb6e1-a9iTbWzfg,@cuabatzjj5924,UCDlr1VadSucIZgZ171pRBjQ,Soy yo vi Cua Batz,@quorumgt/videos,channel,quorum_complete_comments.csv | youtube_guatemala_plus_comments.csv,/@cuabatzjj5924,hace 2 años, ,0,False,,,Soy yo vi Cua Batz,ver cua batz,NEU,0.20198988914489746,0.5743106603622437,0.2236993908882141
n8iP75gIpmw,UgxqSfWMWvqMX8tiC5x4AaABAg,Qué rico come tu diputado,Quorum,UCE4rsXcgDb6e1-a9iTbWzfg,@fredymendez1786,UCHhHUjaMAZ8SiXdCUCj9DkQ,"me imagino que en los horarios que deberian de estar trabajando estan durmiendo por eso aparecen , dicen que trabajando pero es es solamente haciendo carnitas asadas y cerveciando.",@quorumgt/videos,channel,quorum_complete_comments.csv | youtube_guatemala_plus_comments.csv,/@fredymendez1786,hace 2 años,2,0,False,,2.0,"me imagino que en los horarios que deberian de estar trabajando estan durmiendo por eso aparecen , dicen que trabajando pero es es solamente haciendo carnitas asadas y cerveciando.",imaginar horario deberiar trabajar dormir aparecer trabajar carnita asada cerveciar,NEG,0.5992348194122314,0.3796982169151306,0.021066999062895775
lj983NWyAQY,UgxrZBO3MtEqcgXAIEN4AaABAg,Plan 2032 Ciudad de Guatemala,Municipalidad de Guatemala,UCXa6LVjBzUtmcM3cwbd9e2w,@elenaluarca9377,UCxKR3RA8T-kxMgq_2WWhRcQ,"Que bueno que Guatemala sea una cuidad bonita y ojalá todos los proyectos sean realidad. Se los deseo con todo corazón de una salvadoreña que gusta mucho de la cuidad de Guatemala , donde me crie y viví por mucho tiempo y la considero mi segundo país, viva Guatemala y viva todo Centroamérica.",Municipalidad de Guatemala,topic,lj983NWyAQY_out_comments.csv | youtube_guatemala_plus_comments.csv,/@elenaluarca9377,hace 7 años,329,5,False,,329.0,"Que bueno que Guatemala sea una cuidad bonita y ojalá todos los proyectos sean realidad. Se los deseo con todo corazón de una salvadoreña que gusta mucho de la cuidad de Guatemala , donde me crie y viví por mucho tiempo y la considero mi segundo país, viva Guatemala y viva todo Centroamérica.",guatemala cuidad bonito ojalá proyecto realidad desear corazón salvadoreño gustar cuidad guatemala crie viví tiempo considero país vivo guatemala vivir centroamérico,POS,0.0027905006427317858,0.021153418347239494,0.9760560393333435
3Nfp9h5avBI,UgxswojCyw1a0RuHVEp4AaABAg,"Noticiero en Directo 1 pm, 28 de Agosto de 2026",Noticiero Guatevisión 13 Hrs.,UCdSVqHGHzyMTXSafUHY-e-w,@alfonsowilian9157,UCJxJC56BSAX-ArD0NAb9qnQ,La persona encargada del ecosistema que ayude a este problema.,guatemala noticias,topic,youtube_guatemala_comments.csv | youtube_guatemala_plus_comments.csv,/@alfonsowilian9157,hace 22 horas, ,0,False,,,La persona encargada del ecosistema que ayude a este problema.,persona encargado ecosistema ayudar problema,NEU,0.14586126804351807,0.791810154914856,0.0623285137116909
lj983NWyAQY,UgxuO_1lX_-jTQfAzZx4AaABAg,Plan 2032 Ciudad de Guatemala,Municipalidad de Guatemala,UCXa6LVjBzUtmcM3cwbd9e2w,@rolandojuchuna484,UCqilIa8r7iek5sGYg_q6ofA,Sería  muy bueno construir el tren a nivel departamentales hacia la ciudad de Guatemala,Municipalidad de Guatemala,topic,lj983NWyAQY_out_comments.csv | youtube_guatemala_plus_comments.csv,/@rolandojuchuna484,hace 7 años,52,1,False,,52.0,Sería  muy bueno construir el tren a nivel departamentales hacia la ciudad de Guatemala,construir tren nivel departamental ciudad guatemala,POS,0.013281866908073425,0.1331908404827118,0.853527307510376
3Nfp9h5avBI,UgxudaO35O8XcM9Wu4t4AaABAg,"Noticiero en Directo 1 pm, 28 de Agosto de 2026",Noticiero Guatevisión 13 Hrs.,UCdSVqHGHzyMTXSafUHY-e-w,@MiguelJordan-n3g,UCyor0Mmm0ivLX2jIdyGp84Q,Q  recuerdos esta dejando semiya se pierden armas del estado la delincuencia no reduse,guatemala noticias,topic,youtube_guatemala_comments.csv | youtube_guatemala_plus_comments.csv,/@MiguelJordan-n3g,hace 23 horas, ,0,False,,,Q  recuerdos esta dejando semiya se pierden armas del estado la delincuencia no reduse,q recuerdo dejar semiya perder arma delincuencia reduse,NEG,0.9613690972328186,0.03238822892308235,0.006242653820663691
j43HgwYFKfk,UgxvgdNqovIhqUZDxUx4AaABAg,La cooptación de Walter Mazariegos en la USAC,Quorum,UCE4rsXcgDb6e1-a9iTbWzfg,@carloslam5333,UCpe5jW3MIqkgTJ-PgkzvM6Q,Y los estudiantes de la usac que han echo?,@quorumgt/videos,channel,quorum_complete_comments.csv | youtube_guatemala_plus_comments.csv,/@carloslam5333,hace 1 año,1,0,False,,1.0,Y los estudiantes de la usac que han echo?,estudiante usac acer,NEG,0.693877637386322,0.2958773970603943,0.010244972072541714
n8iP75gIpmw,UgxvmbFNm6tYRX6yfLN4AaABAg,Qué rico come tu diputado,Quorum,UCE4rsXcgDb6e1-a9iTbWzfg,@eusebiovasquez4385,UCz3gu01bmjNv0DpRq-K3XYg,Pero que trabajo ase este delincuente si sólo robar,@quorumgt/videos,channel,quorum_complete_comments.csv | youtube_guatemala_plus_comments.csv,/@eusebiovasquez4385,hace 2 años,1,0,False,,1.0,Pero que trabajo ase este delincuente si sólo robar,trabajar ar delincuente robar,NEG,0.9272072315216064,0.06218583509325981,0.010606926865875721
j43HgwYFKfk,Ugxvt0tvqY4UlDS2hoh4AaABAg,La cooptación de Walter Mazariegos en la USAC,Quorum,UCE4rsXcgDb6e1-a9iTbWzfg,@jorgeaguilar-bq3uj,UCuXmOjxC-htcprLgeVXz6Tg,"FUERA MAZARIEGOS DE LA USAC, TÍTERE DEL PACTO DE CORRUPTOS!!!
Guatemala necesita que CICIG vuelva y reinicie la lucha anti corrupción, el pacto de corruptos encabezado por la fundación contra el terrorismo ya tiene cooptadas todas las instituciones de justicia, especialmente el MP. 👍⚖️",@quorumgt/videos,channel,quorum_complete_comments.csv | youtube_guatemala_plus_comments.csv,/@jorgeaguilar-bq3uj,hace 1 año,1,0,False,,1.0,"FUERA MAZARIEGOS DE LA USAC, TÍTERE DEL PACTO DE CORRUPTOS!!!
Guatemala necesita que CICIG vuelva y reinicie la lucha anti corrupción, el pacto de corruptos encabezado por la fundación contra el terrorismo ya tiene cooptadas todas las instituciones de justicia, especialmente el MP. 👍⚖️",mazariego usac títere pacto corrupto guatemala necesitar cicig volver reinicie lucha anti corrupción pacto corrupto encabezado fundación terrorismo cooptada institución justicia especialmente mp,NEG,0.8233814239501953,0.1577402651309967,0.018878407776355743
PjmxCj-a9Hg,UgxvxNmPMdRuRDptJQN4AaABAg,Conferencia de Prensa del Gobierno de Guatemala. #LaRondaGt,Gobierno de la República de Guatemala,UC-ZtFBHzgkYFh7whZkuR_Ag,@juandeleon9060,UCNIeXbV_mEwpa412h1aqUWw,Porque. No salen. Acombatir LA seguridad. En las calles. Acombatir LA corruption. Policiacas...,@GobiernodeGuatemala,topic,PjmxCj-a9Hg_out_comments.csv | youtube_guatemala_plus_comments.csv,/@juandeleon9060,hace 1 año,2,0,False,,2.0,Porque. No salen. Acombatir LA seguridad. En las calles. Acombatir LA corruption. Policiacas...,salir acombatir seguridad calle acombatir corruption policiaco,NEG,0.8530575633049011,0.13319982588291168,0.013742653653025627
n8iP75gIpmw,Ugxw_1trnd8loD3302V4AaABAg,Qué rico come tu diputado,Quorum,UCE4rsXcgDb6e1-a9iTbWzfg,@dantesarti4351,UCySYJU5kUh7X8gVt9la2ISA,"Porque no hacen sus reuniones de ''trabajo'' en el comedor de doña Chonita, como dijo giammattei, almuerzos de Q25.00 y pagados con sus sueldos.",@quorumgt/videos,channel,quorum_complete_comments.csv | youtube_guatemala_plus_comments.csv,/@dantesarti4351,hace 1 año, ,0,False,,,"Porque no hacen sus reuniones de ''trabajo'' en el comedor de doña Chonita, como dijo giammattei, almuerzos de Q25.00 y pagados con sus sueldos.",reunión trabajo comedor doña chonita giammattei almuerzo q25 pagado sueldo,NEG,0.7945008277893066,0.19566428661346436,0.009834867902100086
n8iP75gIpmw,UgxxNu7QTJHuAgFaEYN4AaABAg,Qué rico come tu diputado,Quorum,UCE4rsXcgDb6e1-a9iTbWzfg,@virgiliogarcia3039,UCHTGCgY2l-DQJIvlA_cpa_Q,El pueblo ya estaba trankilo ya que segun decian les habian quitado el almuerzo a esos ladronasos pero me estoy dando cuenta que no el pueblo les estamos pagando un sueldo jugoso y todabia pagando sus comidas que desgracia que hase ese presidente del congreso y el del pais bernardo arebalo engañadores al pueblo que pasa Nery Ramos,@quorumgt/videos,channel,quorum_complete_comments.csv | youtube_guatemala_plus_comments.csv,/@virgiliogarcia3039,hace 2 años, ,0,False,,,El pueblo ya estaba trankilo ya que segun decian les habian quitado el almuerzo a esos ladronasos pero me estoy dando cuenta que no el pueblo les estamos pagando un sueldo jugoso y todabia pagando sus comidas que desgracia que hase ese presidente del congreso y el del pais bernardo arebalo engañadores al pueblo que pasa Nery Ramos,pueblo trankilo deciar habiar quitar almuerzo ladronaso dar pueblo pagar sueldo jugoso todabio pagar comida desgraciar har presidente congreso pais bernardo arebalo engañador pueblo pasar nery rir,NEG,0.9751595258712769,0.02176237851381302,0.0030781058594584465
OkXlHx0hx-8,UgxxdDS3FUc53KWN3KF4AaABAg,EE.UU. envía a mexicanos deportados a Guatemala antes de su regreso a México | Noticias Telemundo,Noticias Telemundo,UCRwA1NUcUnwsly35ikGhp0A,@BelkisRodriguezRamirez,UCPNXmbOBVeC4HS-xemvcPtQ,"Si alguien viene a mi casa sin invitación yo no lo dejo entrar y si entra a la fuerza se busca un problema,eso pasa con los inmigrantes que entraron ilegalmente.",guatemala noticias,topic,youtube_guatemala_comments.csv | youtube_guatemala_plus_comments.csv,/@BelkisRodriguezRamirez,hace 1 día,2,3,False,,2.0,"Si alguien viene a mi casa sin invitación yo no lo dejo entrar y si entra a la fuerza se busca un problema,eso pasa con los inmigrantes que entraron ilegalmente.",alguien venir casa invitación dejar entrar entrar fuerza buscar problema pasar inmigrante entrar ilegalmente,NEG,0.837726354598999,0.155720517039299,0.006553142797201872
n8iP75gIpmw,Ugxy4k7pO6jFtwyDyFp4AaABAg,Qué rico come tu diputado,Quorum,UCE4rsXcgDb6e1-a9iTbWzfg,@mdelcid01,UCtUR3_CAiE7fCoZHM6cMfyQ,Rodas se le olvida que reciven un jugoso salario por el trabajo que hacen.,@quorumgt/videos,channel,quorum_complete_comments.csv | youtube_guatemala_plus_comments.csv,/@mdelcid01,hace 2 años,10,0,False,,10.0,Rodas se le olvida que reciven un jugoso salario por el trabajo que hacen.,roda olvidar recivar jugoso salario trabajo,NEG,0.8759097456932068,0.11474772542715073,0.009342496283352375
WIUZtitfLRw,Ugxz9vnSvQJNt4YNbYV4AaABAg,Caminar en una ciudad hecha para carros,Quorum,UCE4rsXcgDb6e1-a9iTbWzfg,@juliogutierrez492,UCGj2v6Gl5bN8NSrzJMXS-CA,El respeto paso peatonal no existe en ningún lado y las personas tienen que esquivar a los carros por qué no respetan y las motos se pasan en rojo se lo pasan llevando a uno,@quorumgt/videos,channel,quorum_complete_comments.csv | youtube_guatemala_plus_comments.csv,/@juliogutierrez492,hace 1 año, ,0,False,,,El respeto paso peatonal no existe en ningún lado y las personas tienen que esquivar a los carros por qué no respetan y las motos se pasan en rojo se lo pasan llevando a uno,respeto paso peatonal persona esquivar carro respetar moto pasar rojo pasar llevar,NEG,0.976106584072113,0.020877007395029068,0.0030163810588419437
yLZS3JiEBg8,UgxzETIqBajjXFTGd_R4AaABAg,Arroz con pollo a la MONOPOLIO,Quorum,UCE4rsXcgDb6e1-a9iTbWzfg,@Alejandro00710,UCbrtvygfRT6QXqWDNrOf-cA,"Y solo con esta información nos damos con la realidad del CACIF y sus intereses, estamos jodidos si no hacemos algo.",@quorumgt/videos,channel,quorum_complete_comments.csv | youtube_guatemala_plus_comments.csv,/@Alejandro00710,hace 2 años, ,0,False,,,"Y solo con esta información nos damos con la realidad del CACIF y sus intereses, estamos jodidos si no hacemos algo.",información dar realidad cacif interés jodido,NEG,0.9825757741928101,0.015115011483430862,0.0023092664778232574
n8iP75gIpmw,UgxzN9_I9vkDCdX_8dN4AaABAg,Qué rico come tu diputado,Quorum,UCE4rsXcgDb6e1-a9iTbWzfg,@AndresMedina-v1s,UCOh6DaZC_x9HASnlRylEMfw,Si se reformarla ley de partidos políticos esos infelices jamás en la historia pondrian un pie En el congreso y muy probablemente terminarían en la carcel,@quorumgt/videos,channel,quorum_complete_comments.csv | youtube_guatemala_plus_comments.csv,/@AndresMedina-v1s,hace 2 años, ,0,False,,,Si se reformarla ley de partidos políticos esos infelices jamás en la historia pondrian un pie En el congreso y muy probablemente terminarían en la carcel,reformar él ley partido político infeliz jamás historia pondriar pie congreso probablemente terminarir carcel,NEG,0.853435754776001,0.12650175392627716,0.02006245218217373
n8iP75gIpmw,Ugy0LbKWrqUFhWPRoKN4AaABAg,Qué rico come tu diputado,Quorum,UCE4rsXcgDb6e1-a9iTbWzfg,@elmorodriguez6978,UCL1MT278vSaQ83ZDkVWn1gw,"Que estos diputados no se rían y burlen del pueblo desnutrido y muriéndose de hambre. Llegará el momento y no será muy tarde para nosotros que los pusimos los tengamos que sacar de su caja de oro y cuando el pueblo se levante y los saque de su chiquero van a arrepentirse de lo mal de sus acciones. Así será para los miembros de la CC,MP,CONGRESO,CSJ,OJ y otros que han apañado las burlas al pueblo. 48 cantones también vendrán a salvar al pueblo. Estamos artos de tanta corrupción.",@quorumgt/videos,channel,quorum_complete_comments.csv | youtube_guatemala_plus_comments.csv,/@elmorodriguez6978,hace 2 años,20,0,False,,20.0,"Que estos diputados no se rían y burlen del pueblo desnutrido y muriéndose de hambre. Llegará el momento y no será muy tarde para nosotros que los pusimos los tengamos que sacar de su caja de oro y cuando el pueblo se levante y los saque de su chiquero van a arrepentirse de lo mal de sus acciones. Así será para los miembros de la CC,MP,CONGRESO,CSJ,OJ y otros que han apañado las burlas al pueblo. 48 cantones también vendrán a salvar al pueblo. Estamos artos de tanta corrupción.",diputado rir burlen pueblo desnutrido morir él hambre llegar momento poner tener sacar caja oro pueblo levantar saque chiquero arrepentir él acción miembro cc mp congreso csj oj apañar burla pueblo cantón venir salvar pueblo arto tanto corrupción,NEG,0.9247674345970154,0.0655723512172699,0.009660214185714722
n8iP75gIpmw,Ugy0LbKWrqUFhWPRoKN4AaABAg.A7epXgDRFjZA7f-Z-rKQOV,Qué rico come tu diputado,Quorum,UCE4rsXcgDb6e1-a9iTbWzfg,@luisparedes-pw6qt,UC8G5cJONY8L9voMyBW8Eoug,Ni en su casa habían comido esas viandas. Son unos sinverguenzas,@quorumgt/videos,channel,quorum_complete_comments.csv | youtube_guatemala_plus_comments.csv,/@luisparedes-pw6qt,hace 2 años, ,0,False,,,Ni en su casa habían comido esas viandas. Son unos sinverguenzas,casa comer vianda sinverguenza,NEG,0.9517723917961121,0.03787191957235336,0.010355577804148197
n8iP75gIpmw,Ugy0dVAcWghuyCdAVS54AaABAg,Qué rico come tu diputado,Quorum,UCE4rsXcgDb6e1-a9iTbWzfg,@LuisCastillo-oz4df,UC7VUuJr9cGh845CmTvf7TlQ,Está bien que se Arten asta ya no y los más pobres  muriendo de hambre pero si dices comes fuera de la hora es tu problema para que la  huesiaste pues,@quorumgt/videos,channel,quorum_complete_comments.csv | youtube_guatemala_plus_comments.csv,/@LuisCastillo-oz4df,hace 2 años,1,0,False,,1.0,Está bien que se Arten asta ya no y los más pobres  muriendo de hambre pero si dices comes fuera de la hora es tu problema para que la  huesiaste pues,artir asta pobre morir hambre decir com hora problema huesiaste,NEG,0.965833842754364,0.028111565858125687,0.006054543890058994
n8iP75gIpmw,Ugy1neHHTJYO0umhgLt4AaABAg,Qué rico come tu diputado,Quorum,UCE4rsXcgDb6e1-a9iTbWzfg,@diegoalejandrolopezmendez205,UCFhxtoeARHPnXXPcDrOU3Xg,"Yo trabajé en joya negra 
Sandra jovel también llega mucho 
Y el profe Luis Fernando tena",@quorumgt/videos,channel,quorum_complete_comments.csv | youtube_guatemala_plus_comments.csv,/@diegoalejandrolopezmendez205,hace 2 años,2,0,False,,2.0,"Yo trabajé en joya negra 
Sandra jovel también llega mucho 
Y el profe Luis Fernando tena",trabajer joya negro sandro jovel llegar profe luis fernando tena,POS,0.01488245278596878,0.42943739891052246,0.5556801557540894
n8iP75gIpmw,Ugy2FaeBadbmVJj7F714AaABAg,Qué rico come tu diputado,Quorum,UCE4rsXcgDb6e1-a9iTbWzfg,@carlossoto3252,UCAlzM_N6xBlMYmM8EBzX86Q,"😂Que disculpe el diputado Rodas. Cuando uno decide trabajar o ser trabajador del Estado y ser un funcionario de ese nivel no hay horarios. Si no le gusta y no está contento que renuncié. Los diputados son unos abusivos y son mediocres. Tantos asesores, para que? Lo que dice éste diputado es estúpido. Su trabajo  debe ser para el pueblo. Y comparto la investigación respecto a esto. Estos diputados cómo corderitos asistieron a la orden de la Fiscal del MP.",@quorumgt/videos,channel,quorum_complete_comments.csv | youtube_guatemala_plus_comments.csv,/@carlossoto3252,hace 2 años,3,0,False,,3.0,"😂Que disculpe el diputado Rodas. Cuando uno decide trabajar o ser trabajador del Estado y ser un funcionario de ese nivel no hay horarios. Si no le gusta y no está contento que renuncié. Los diputados son unos abusivos y son mediocres. Tantos asesores, para que? Lo que dice éste diputado es estúpido. Su trabajo  debe ser para el pueblo. Y comparto la investigación respecto a esto. Estos diputados cómo corderitos asistieron a la orden de la Fiscal del MP.",disculpar diputado roda decidir trabajar trabajador funcionario nivel horario gustar contento renuncier diputado abusivo mediocre tanto asesor diputado estúpir trabajo pueblo compartir investigación diputado corderito asistir orden fiscal mp,NEG,0.9317319393157959,0.06445488333702087,0.003813200630247593
j43HgwYFKfk,Ugy4JA9MR8l_gkTNgWh4AaABAg,La cooptación de Walter Mazariegos en la USAC,Quorum,UCE4rsXcgDb6e1-a9iTbWzfg,@AndresLemus-k2d,UClqA491Xa5fQcXcJJa-vTWw,"Ya saquen A Ese corrupto 
Y Es un montón de políticos corruptos que 
Andan allí en todas las instituciones 
Montón de corruptos",@quorumgt,topic,j43HgwYFKfk_out_comments.csv | quorum_complete_comments.csv | youtube_guatemala_plus_comments.csv,/@AndresLemus-k2d,hace 4 meses, ,0,False,,,"Ya saquen A Ese corrupto 
Y Es un montón de políticos corruptos que 
Andan allí en todas las instituciones 
Montón de corruptos",saquen corrupto montón político corrupto andar institución montón corrupto,NEG,0.9646670818328857,0.026580294594168663,0.008752654306590557
n8iP75gIpmw,Ugy4ex02KEXL5UFGjw14AaABAg,Qué rico come tu diputado,Quorum,UCE4rsXcgDb6e1-a9iTbWzfg,@virgiliogarcia3039,UCHTGCgY2l-DQJIvlA_cpa_Q,Que trabajo hasen esos corruptos,@quorumgt/videos,channel,quorum_complete_comments.csv | youtube_guatemala_plus_comments.csv,/@virgiliogarcia3039,hace 2 años,13,0,False,,13.0,Que trabajo hasen esos corruptos,trabajar har corrupto,NEG,0.8977094292640686,0.08274877071380615,0.019541820511221886
n8iP75gIpmw,Ugy4utoHlyokVSeSi5h4AaABAg,Qué rico come tu diputado,Quorum,UCE4rsXcgDb6e1-a9iTbWzfg,@marioajset4283,UC3XTwHxygNCgjndsg-UiCQA,los niños guatemaltecos con Desnutrición crónica serán sus verdugos.,@quorumgt/videos,channel,quorum_complete_comments.csv | youtube_guatemala_plus_comments.csv,/@marioajset4283,hace 2 años, ,0,False,,,los niños guatemaltecos con Desnutrición crónica serán sus verdugos.,niño guatemalteco desnutrición crónico verdugo,NEG,0.9150927662849426,0.07698553055524826,0.007921679876744747
6W4u8sGEnGM,Ugy4x4u9e1_xRoppaMF4AaABAg,Inician los trabajos de recuperación del Puente Belice II.,Gobierno de la República de Guatemala,UC-ZtFBHzgkYFh7whZkuR_Ag,@cristianescobedo8296,UCvDwJBBY1mHK70aTEYl6rsA,"se espera que la obra se finalice en plazo de acuerdo a la programación del proyecto, de acuerdo a normas internacionales de construcción, que la contraloría audite  mes a mes y sobre todo que el proyecto no sea sobrevalorado o que tenga costos adicionales a lo ya pactado.",Gobierno de la República de Guatemala,topic,youtube_guatemala_plus_comments.csv | youtube_lab_targets_small_comments.csv,/@cristianescobedo8296,hace 6 días,1,0,False,,1.0,"se espera que la obra se finalice en plazo de acuerdo a la programación del proyecto, de acuerdo a normas internacionales de construcción, que la contraloría audite  mes a mes y sobre todo que el proyecto no sea sobrevalorado o que tenga costos adicionales a lo ya pactado.",esperar obra finalizar plazo programación proyecto norma internacional construcción contraloer audite mes mes proyecto sobrevalorar costo adicional pactar,NEU,0.06832992285490036,0.7657957077026367,0.16587434709072113
n8iP75gIpmw,Ugy5j8gzaawBk-mw5et4AaABAg,Qué rico come tu diputado,Quorum,UCE4rsXcgDb6e1-a9iTbWzfg,@ARGELIATELON,UCkd9W714-947dEE6ZOEBATA,Me pregunto si antes de ser diputados les alcanzaba su dinero para comer esos almuercitos y en esos lugares? Pero como don pueblo paga....vengase el almuercito. La historia ni él se la cree. O sea.... la 3a. parte de su salario para un almuerzo???,@quorumgt/videos,channel,quorum_complete_comments.csv | youtube_guatemala_plus_comments.csv,/@ARGELIATELON,hace 2 años (editado),3,0,False,,3.0,Me pregunto si antes de ser diputados les alcanzaba su dinero para comer esos almuercitos y en esos lugares? Pero como don pueblo paga....vengase el almuercito. La historia ni él se la cree. O sea.... la 3a. parte de su salario para un almuerzo???,preguntar diputado alcanzar dinero comer almuercito lugar don pueblo pagar vengar almuercito historia creer 3a salario almuerzo,NEG,0.9146068096160889,0.07992423325777054,0.005468980874866247
ndAZjHqzzT8,Ugy5lmf3RzzeJDUeqQd4AaABAg,Internet: escoger el menos malo,Quorum,UCE4rsXcgDb6e1-a9iTbWzfg,@Alejandro00710,UCbrtvygfRT6QXqWDNrOf-cA,"Eso sin mencionar el costo de sus servicios, la mala calidad del mismo, mientras no haya una ley de competencia nos van a seguir jodiendo, urge.",@quorumgt/videos,channel,quorum_complete_comments.csv | youtube_guatemala_plus_comments.csv,/@Alejandro00710,hace 2 años, ,0,False,,,"Eso sin mencionar el costo de sus servicios, la mala calidad del mismo, mientras no haya una ley de competencia nos van a seguir jodiendo, urge.",mencionar costo servicio malo calidad ley competencia seguir jodeir urge,NEG,0.9826512932777405,0.014333313331007957,0.0030154138803482056
6W4u8sGEnGM,Ugy6Qii72nfxIpYyuCR4AaABAg,Inician los trabajos de recuperación del Puente Belice II.,Gobierno de la República de Guatemala,UC-ZtFBHzgkYFh7whZkuR_Ag,@albertoshernandez5251,UCV3fr-YOixFKCZBbJP1-X4w,TODO EL APOYO PARA EL PRESIDENTE BERNARDO AREVALO 👍🇬🇹👍,Gobierno de la República de Guatemala,topic,youtube_guatemala_plus_comments.csv | youtube_lab_targets_small_comments.csv,/@albertoshernandez5251,hace 6 días,5,0,False,,5.0,TODO EL APOYO PARA EL PRESIDENTE BERNARDO AREVALO 👍🇬🇹👍,apoyo presidente bernardo arevalo,NEU,0.09180063754320145,0.7034697532653809,0.20472966134548187
JkpVO1hx2f8,Ugy6isIL3n6cvYbJG-94AaABAg,10 Preguntas a un año del Paro Nacional,Quorum,UCE4rsXcgDb6e1-a9iTbWzfg,@ninettmartinez425,UCWWkebAekppaL5b5CNlppuw,Yo vi en  Semilla y Bernardo Arévalo  una oportunidad para que Guatemala saliera de la corrupción.,@quorumgt/videos,channel,quorum_complete_comments.csv | youtube_guatemala_plus_comments.csv,/@ninettmartinez425,hace 1 año,3,0,False,,3.0,Yo vi en  Semilla y Bernardo Arévalo  una oportunidad para que Guatemala saliera de la corrupción.,ver semilla bernardo arévalo oportunidad guatemala salir corrupción,POS,0.08434579521417618,0.3613892197608948,0.554265022277832
n8iP75gIpmw,Ugy6y6DL1AgyNzNpfMZ4AaABAg,Qué rico come tu diputado,Quorum,UCE4rsXcgDb6e1-a9iTbWzfg,@mynorrodas8591,UCjmPuazZJzscrwvk0QR9RVw,"😢que desgraciados estos sinvergüenzas porque no piden un almuerzo de Q30.00 no que  almuerzos  de millonarios  con la plata  del pueblo , si les gusta lo bueno que lo paguen con su dinero",@quorumgt/videos,channel,quorum_complete_comments.csv | youtube_guatemala_plus_comments.csv,/@mynorrodas8591,hace 2 años,2,0,False,,2.0,"😢que desgraciados estos sinvergüenzas porque no piden un almuerzo de Q30.00 no que  almuerzos  de millonarios  con la plata  del pueblo , si les gusta lo bueno que lo paguen con su dinero",desgraciado sinvergüenza pedir almuerzo q30 almuerzo millonario plata pueblo gustar pagar dinero,NEG,0.9736632108688354,0.023213692009449005,0.003123124595731497
n8iP75gIpmw,Ugy7-QbaMzLjAO_vJMB4AaABAg,Qué rico come tu diputado,Quorum,UCE4rsXcgDb6e1-a9iTbWzfg,@OseasSamayoa-ol5rz,UCipetjeiWj4CZB6EbyYziZg,Que paguen de su sueldo sus alimentos si el pueblo de la miseria que  las empresas nos pagan lo pagamos,@quorumgt/videos,channel,quorum_complete_comments.csv | youtube_guatemala_plus_comments.csv,/@OseasSamayoa-ol5rz,hace 2 años, ,0,False,,,Que paguen de su sueldo sus alimentos si el pueblo de la miseria que  las empresas nos pagan lo pagamos,pagar sueldo alimento pueblo miseria empresa pagar pagar,NEG,0.9745690822601318,0.021575864404439926,0.00385511782951653
n8iP75gIpmw,Ugy7Dk5SDB_d3RFlHU94AaABAg,Qué rico come tu diputado,Quorum,UCE4rsXcgDb6e1-a9iTbWzfg,@andyB5280,UCh5ESQvtzyHDhCA7XyekCFA,No quiere hablar de sus almuerzos se molesta . No le creo . que,@quorumgt/videos,channel,quorum_complete_comments.csv | youtube_guatemala_plus_comments.csv,/@andyB5280,hace 2 años,1,0,False,,1.0,No quiere hablar de sus almuerzos se molesta . No le creo . que,hablar almuerzo molestar,NEG,0.933830738067627,0.06337939947843552,0.002789800986647606
WIUZtitfLRw,Ugy7b0JTkHodE4sTU_54AaABAg,Caminar en una ciudad hecha para carros,Quorum,UCE4rsXcgDb6e1-a9iTbWzfg,@jorgegomez2237,UCZIQnb1fkwe39Iw2TAu-bGA,"Como dijo pia, casi no existen banquetas, solo hay un pedazo donde se puede medio caminar... Y aun quiere que le demos gracias... #IneptoBran",@quorumgt/videos,channel,quorum_complete_comments.csv | youtube_guatemala_plus_comments.csv,/@jorgegomez2237,hace 1 año,1,0,False,,1.0,"Como dijo pia, casi no existen banquetas, solo hay un pedazo donde se puede medio caminar... Y aun quiere que le demos gracias... #IneptoBran",pio banqueta pedazo caminar dar gracios ineptobrar,NEG,0.924113392829895,0.06447238475084305,0.011414197273552418
n8iP75gIpmw,Ugy8csktFvR0eUZN4cp4AaABAg,Qué rico come tu diputado,Quorum,UCE4rsXcgDb6e1-a9iTbWzfg,@RobertoZelaya-x1v,UCTP3O0rMnc8z8v8jaDQwL0w,Señor Nery Ramos una empresa trabaja con capital propio con dinero del dueño de la empresa que le costado ganarcelo  usted  con el dinero del pueblo o cree que el estado es su empresa trabaje esfuersece  trabajen para tener una empresa no se coman lo del pueblo,@quorumgt/videos,channel,quorum_complete_comments.csv | youtube_guatemala_plus_comments.csv,/@RobertoZelaya-x1v,hace 2 años,1,0,False,,1.0,Señor Nery Ramos una empresa trabaja con capital propio con dinero del dueño de la empresa que le costado ganarcelo  usted  con el dinero del pueblo o cree que el estado es su empresa trabaje esfuersece  trabajen para tener una empresa no se coman lo del pueblo,señor nery rir empresa trabajar capital dinero dueño empresa costado ganarcelo dinero pueblo creer empresa trabaje esfuersecir trabajen empresa comar pueblo,NEG,0.7773979306221008,0.20052094757556915,0.022081144154071808
n8iP75gIpmw,UgyAcWsNSqIPesdI3nF4AaABAg,Qué rico come tu diputado,Quorum,UCE4rsXcgDb6e1-a9iTbWzfg,@moisesvaldez4043,UCsUCN0Yq_UyTvKjOJLmNrnQ,"para los Guatemaltecos mejor si no hacen nada, poque cuando los hacen es en contra del pueblo Guatemlateco",@quorumgt/videos,channel,quorum_complete_comments.csv | youtube_guatemala_plus_comments.csv,/@moisesvaldez4043,hace 2 años, ,0,False,,,"para los Guatemaltecos mejor si no hacen nada, poque cuando los hacen es en contra del pueblo Guatemlateco",guatemalteco pocar pueblo guatemlateco,NEG,0.9464523792266846,0.04667448252439499,0.006873147562146187
j43HgwYFKfk,UgyB52GZe4-PXJ2TqYB4AaABAg,La cooptación de Walter Mazariegos en la USAC,Quorum,UCE4rsXcgDb6e1-a9iTbWzfg,@rosaelenaargueta79,UC3UVO7pTbeYvZ3ILEyRDskQ,Así debe informarse al pueblo sobre esta red de mafiosos!,@quorumgt,topic,j43HgwYFKfk_out_comments.csv | quorum_complete_comments.csv | youtube_guatemala_plus_comments.csv,/@rosaelenaargueta79,hace 1 año,1,0,False,,1.0,Así debe informarse al pueblo sobre esta red de mafiosos!,informar él pueblo red mafioso,NEG,0.6127405166625977,0.312990665435791,0.07426869124174118
PjmxCj-a9Hg,UgyBhR2qUXgMe2NJjRN4AaABAg,Conferencia de Prensa del Gobierno de Guatemala. #LaRondaGt,Gobierno de la República de Guatemala,UC-ZtFBHzgkYFh7whZkuR_Ag,@herbertaguilar1387,UCuP4UK33HKtJE_S39ksmaTw,Con la corrupcion y narco gobierno de Morena en Mexico  Arevalo no deberia de hacer asociacion alguna . El pueblo de Mexico esta sufriendo .,@GobiernodeGuatemala,topic,PjmxCj-a9Hg_out_comments.csv | youtube_guatemala_plus_comments.csv,/@herbertaguilar1387,hace 1 año, ,0,False,,,Con la corrupcion y narco gobierno de Morena en Mexico  Arevalo no deberia de hacer asociacion alguna . El pueblo de Mexico esta sufriendo .,corrupcion narco gobierno morena mexico arevalo deberio asociacion pueblo mexico sufrir,NEG,0.9751647710800171,0.01933366060256958,0.00550162885338068
PjmxCj-a9Hg,UgyC45vItnUiq1QrUtd4AaABAg,Conferencia de Prensa del Gobierno de Guatemala. #LaRondaGt,Gobierno de la República de Guatemala,UC-ZtFBHzgkYFh7whZkuR_Ag,@ericapaz5406,UClsrFGJKWPxxw7MiaEdKLXw,Señor presidente? Enfóquese  en el crimen que está destrozado al país y también al turismo aga uso de su poder para implementar leyes que combatan el crimen en general por favor  mire a su país vecino como un joven si pudo terminar con el crimen.,@GobiernodeGuatemala,topic,PjmxCj-a9Hg_out_comments.csv | youtube_guatemala_plus_comments.csv,/@ericapaz5406,hace 1 año,3,2,False,,3.0,Señor presidente? Enfóquese  en el crimen que está destrozado al país y también al turismo aga uso de su poder para implementar leyes que combatan el crimen en general por favor  mire a su país vecino como un joven si pudo terminar con el crimen.,señor presidente enfóquese crimen destrozado país turismo agar implementar ley combatar crimen general favor mire país vecino joven terminar crimen,NEG,0.8986079692840576,0.08764292299747467,0.013749007135629654
PjmxCj-a9Hg,UgyC45vItnUiq1QrUtd4AaABAg.ALgn-KZ7p47ALgvLAMzZ1A,Conferencia de Prensa del Gobierno de Guatemala. #LaRondaGt,Gobierno de la República de Guatemala,UC-ZtFBHzgkYFh7whZkuR_Ag,@ErmePérez-q4s,UCg3eIfd7BrsLEqS0BLkftHA,Ni te equivoques ni a terminado siguen siendo Salvatruchas y mareros.,@GobiernodeGuatemala,topic,PjmxCj-a9Hg_out_comments.csv | youtube_guatemala_plus_comments.csv,/@ErmeP%C3%A9rez-q4s,hace 1 año, ,0,False,,,Ni te equivoques ni a terminado siguen siendo Salvatruchas y mareros.,equivoquser terminado seguir salvatrucha marero,NEG,0.6204466223716736,0.28751614689826965,0.09203725308179855
PjmxCj-a9Hg,UgyC45vItnUiq1QrUtd4AaABAg.ALgn-KZ7p47ALgwtbYMM1u,Conferencia de Prensa del Gobierno de Guatemala. #LaRondaGt,Gobierno de la República de Guatemala,UC-ZtFBHzgkYFh7whZkuR_Ag,@ErmePérez-q4s,UCg3eIfd7BrsLEqS0BLkftHA,"Y los  que fueron hacer los pandilleros del salvador en antigua que, siguen haviendo maras en el salvador y eso es un país de maras",@GobiernodeGuatemala,topic,PjmxCj-a9Hg_out_comments.csv | youtube_guatemala_plus_comments.csv,/@ErmeP%C3%A9rez-q4s,hace 1 año, ,0,False,,,"Y los  que fueron hacer los pandilleros del salvador en antigua que, siguen haviendo maras en el salvador y eso es un país de maras",pandillero salvador antiguo seguir haveir mara salvador país mara,NEG,0.9011881351470947,0.09233801066875458,0.006473870482295752
PjmxCj-a9Hg,UgyC45vItnUiq1QrUtd4AaABAg.ALgn-KZ7p47ALgx6SmnMen,Conferencia de Prensa del Gobierno de Guatemala. #LaRondaGt,Gobierno de la República de Guatemala,UC-ZtFBHzgkYFh7whZkuR_Ag,@ErmePérez-q4s,UCg3eIfd7BrsLEqS0BLkftHA,Y todo los que tienen tatuajes del salvador son pandilleros eso su dictador lo dijo. Así que no te venden humo 💨 todo lo que dicen del salvador.,@GobiernodeGuatemala,topic,PjmxCj-a9Hg_out_comments.csv | youtube_guatemala_plus_comments.csv,/@ErmeP%C3%A9rez-q4s,hace 1 año, ,0,False,,,Y todo los que tienen tatuajes del salvador son pandilleros eso su dictador lo dijo. Así que no te venden humo 💨 todo lo que dicen del salvador.,tatuaj salvador pandillero dictador vender humo salvador,NEG,0.5800212025642395,0.39182889461517334,0.028149886056780815
06mFNPU0aB8,UgyC9HUMcvW-e_nFJK14AaABAg,Capturan a presuntos delincuentes disfrazados de mujer señalados de cometer asalto,Noti7,UCVpSRoZgngfSL03Nlbjtq9A,@ruddydepaz322,UCAxvOOHQk7dYPOajzFEVtbA,Así metan los al tambo con minifaldas allí no les ba a faltar la moronga.,guatemala noticias,topic,youtube_guatemala_comments.csv | youtube_guatemala_plus_comments.csv,/@ruddydepaz322,hace 2 semanas, ,0,False,,,Así metan los al tambo con minifaldas allí no les ba a faltar la moronga.,metar tambo minifalda bar faltar moronga,NEU,0.2905938923358917,0.5893129706382751,0.12009314447641373
06mFNPU0aB8,UgyCFEFtEmhDbi91yCF4AaABAg,Capturan a presuntos delincuentes disfrazados de mujer señalados de cometer asalto,Noti7,UCVpSRoZgngfSL03Nlbjtq9A,@MacoMorales-i2i2d,UCq3mDTTRZnUybct5M9OSXbg,Destreza dise😅,guatemala noticias,topic,youtube_guatemala_comments.csv | youtube_guatemala_plus_comments.csv,/@MacoMorales-i2i2d,hace 2 semanas,1,0,False,,1.0,Destreza dise😅,destreza disar,NEU,0.37136197090148926,0.5877428650856018,0.04089520871639252
n8iP75gIpmw,UgyCoulSuwV8jBnjbtN4AaABAg,Qué rico come tu diputado,Quorum,UCE4rsXcgDb6e1-a9iTbWzfg,@FidelZacarias-ph7dy,UCGzXwyCzMzGmjmCbH3Hg01Q,Ése señor entrevistador pertenece al PACTO DE CORRUPTOS....ATACA LA TRANSPARENCIA Y DEFIENDE A LOS CORRUPTOS.,@quorumgt/videos,channel,quorum_complete_comments.csv | youtube_guatemala_plus_comments.csv,/@FidelZacarias-ph7dy,hace 2 años,2,0,False,,2.0,Ése señor entrevistador pertenece al PACTO DE CORRUPTOS....ATACA LA TRANSPARENCIA Y DEFIENDE A LOS CORRUPTOS.,señor entrevistador pertenecer pacto corrupto atacar transparencia defender corrupto,NEG,0.9495489597320557,0.04036933183670044,0.010081746615469456
6W4u8sGEnGM,UgyD5CIXnbXNiM-a4VF4AaABAg,Inician los trabajos de recuperación del Puente Belice II.,Gobierno de la República de Guatemala,UC-ZtFBHzgkYFh7whZkuR_Ag,@OttoPalencia-b7r,UC0HvfEWozTHbwl_iEmJNvVA,Si el presidente ha sido un buen presidente pues hay que botar por el hay muchos que han hablado mal de él pero ellos no hacen nada por gustemala,Gobierno de la República de Guatemala,topic,youtube_guatemala_plus_comments.csv | youtube_lab_targets_small_comments.csv,/@OttoPalencia-b7r,hace 5 días,3,0,False,,3.0,Si el presidente ha sido un buen presidente pues hay que botar por el hay muchos que han hablado mal de él pero ellos no hacen nada por gustemala,presidente presidente botar hablar gustemala,NEG,0.589733898639679,0.2513428032398224,0.15892331302165985
6W4u8sGEnGM,UgyE6hk1g9jR7zB67lV4AaABAg,Inician los trabajos de recuperación del Puente Belice II.,Gobierno de la República de Guatemala,UC-ZtFBHzgkYFh7whZkuR_Ag,@megavision4488,UC14qlobYKqD-DO0j6b75lcA,seria bueno tambien hecharle mano a la ejecucion del puente  del rio la pasion que todoavia se esta utilizando ferry hay que hacer un puente rapido.,Gobierno de la República de Guatemala,topic,youtube_guatemala_plus_comments.csv | youtube_lab_targets_small_comments.csv,/@megavision4488,hace 3 días, ,0,False,,,seria bueno tambien hecharle mano a la ejecucion del puente  del rio la pasion que todoavia se esta utilizando ferry hay que hacer un puente rapido.,seriar hechar él mano ejecucion puente rio pasion todoavia utilizar ferry puente rapido,NEU,0.11280576139688492,0.6153466105461121,0.271847665309906
n8iP75gIpmw,UgyEM7_iOGkWV0SbNuB4AaABAg,Qué rico come tu diputado,Quorum,UCE4rsXcgDb6e1-a9iTbWzfg,@edwinavila4876,UCiGRBf2RNF0WRKhRVT7zFoA,"Lamentablemente en nuestro país sigue la misma sinverguenzada. Este diputado quiere tapar el sol con un dedo. Qué pasaría si un profesor quisiera que le pagaran su comida aparte de su sueldo porque le está enseñando a
 dibujar a un niño.",@quorumgt/videos,channel,quorum_complete_comments.csv | youtube_guatemala_plus_comments.csv,/@edwinavila4876,hace 2 años, ,0,False,,,"Lamentablemente en nuestro país sigue la misma sinverguenzada. Este diputado quiere tapar el sol con un dedo. Qué pasaría si un profesor quisiera que le pagaran su comida aparte de su sueldo porque le está enseñando a
 dibujar a un niño.",lamentablemente país sinverguenzado diputado tapar sol dedo pasar profesor quisiero pagar comida aparte sueldo enseñar dibujar niño,NEG,0.9573125243186951,0.03897644206881523,0.0037110785488039255
6W4u8sGEnGM,UgyFSrjeDvPsB0fKUdp4AaABAg,Inician los trabajos de recuperación del Puente Belice II.,Gobierno de la República de Guatemala,UC-ZtFBHzgkYFh7whZkuR_Ag,@elsasalguero6914,UCa36MjQLoPAmgJo-R3G8WQA,Que Dios bendiga al gobierno de Guatemala,Gobierno de la República de Guatemala,topic,youtube_guatemala_plus_comments.csv | youtube_lab_targets_small_comments.csv,/@elsasalguero6914,hace 6 días,3,0,False,,3.0,Que Dios bendiga al gobierno de Guatemala,dios bendigar gobierno guatemala,POS,0.027172457426786423,0.16109272837638855,0.8117347955703735
06mFNPU0aB8,UgyHHYcKhbzXr6xEjth4AaABAg,Capturan a presuntos delincuentes disfrazados de mujer señalados de cometer asalto,Noti7,UCVpSRoZgngfSL03Nlbjtq9A,@franciscoflores3120,UCjZgFEowMBrsjodqfovzdKw,Ay que  usarlos  como  mujeres,guatemala noticias,topic,youtube_guatemala_comments.csv | youtube_guatemala_plus_comments.csv,/@franciscoflores3120,hace 2 semanas, ,0,False,,,Ay que  usarlos  como  mujeres,ay usar él mujer,NEU,0.1550372689962387,0.4777681827545166,0.36719459295272827
6W4u8sGEnGM,UgyHIuxG8A2lYDRB6vh4AaABAg,Inician los trabajos de recuperación del Puente Belice II.,Gobierno de la República de Guatemala,UC-ZtFBHzgkYFh7whZkuR_Ag,@carmenfigueroa1232,UC3YpzAr7pcdKC7BVFEpYzog,"Pues como no si a Guatemala desbancaron lo anteriores presidentes han barrido con todo 
Primero Dios puedan terminar este proyecto antes que entre otr@ ladron y después busquen culpables",Gobierno de la República de Guatemala,topic,youtube_guatemala_plus_comments.csv | youtube_lab_targets_small_comments.csv,/@carmenfigueroa1232,hace 6 días (editado),4,1,False,,4.0,"Pues como no si a Guatemala desbancaron lo anteriores presidentes han barrido con todo 
Primero Dios puedan terminar este proyecto antes que entre otr@ ladron y después busquen culpables",guatemala desbancar anterior president barrer dio poder terminar proyecto otr ladron buscar culpable,NEG,0.9232842326164246,0.06304486095905304,0.013670888729393482
6W4u8sGEnGM,UgyHIuxG8A2lYDRB6vh4AaABAg.A_zEyCTHfWFA_zWovudn2B,Inician los trabajos de recuperación del Puente Belice II.,Gobierno de la República de Guatemala,UC-ZtFBHzgkYFh7whZkuR_Ag,@Murmullodelbarrio,UCyJhqmMbsvjpoarBBStA2kg,"Por eso mismo
No permítanos otro partido corrupto de los mismos de antes para salvar todo lo que hoy estamos mirando",Gobierno de la República de Guatemala,topic,youtube_guatemala_plus_comments.csv | youtube_lab_targets_small_comments.csv,/@Murmullodelbarrio,hace 6 días,1,0,False,,1.0,"Por eso mismo
No permítanos otro partido corrupto de los mismos de antes para salvar todo lo que hoy estamos mirando",permítano partido corrupto salvar mirar,NEG,0.9270396828651428,0.06429243832826614,0.008667856454849243
j43HgwYFKfk,UgyHcSyWHx2SKCg6db14AaABAg,La cooptación de Walter Mazariegos en la USAC,Quorum,UCE4rsXcgDb6e1-a9iTbWzfg,@estuardoargueta137,UCQqlPPUGqAfWjd-FSh_qn7Q,"Esa universidad se debe privatizar, es la universidad mas cara de Guatemala por estudiante egresado, es una carga tributaria innecesaria.",@quorumgt/videos,channel,quorum_complete_comments.csv | youtube_guatemala_plus_comments.csv,/@estuardoargueta137,hace 1 año, ,0,False,,,"Esa universidad se debe privatizar, es la universidad mas cara de Guatemala por estudiante egresado, es una carga tributaria innecesaria.",universidad privatizar universidad cara guatemala estudiante egresado carga tributario innecesario,NEG,0.9720025062561035,0.023920521140098572,0.004076932556927204
n8iP75gIpmw,UgyIX1zx3bbc9DsK8VR4AaABAg,Qué rico come tu diputado,Quorum,UCE4rsXcgDb6e1-a9iTbWzfg,@cesaraugustomoralesmonroy6907,UC8r11yOugM2NuRfitQOxLLg,"Qué tristeza que extranjeros que vinieron como policías a una institución internacional impuesta por la ""comunidad internacional"" supuestamente para combatir la impunidad, se hayan quedado como ""analistas"" y periodistas en Guatemala, comentando temas nacionales. Es la nueva conquista.",@quorumgt/videos,channel,quorum_complete_comments.csv | youtube_guatemala_plus_comments.csv,/@cesaraugustomoralesmonroy6907,hace 2 años,1,0,False,,1.0,"Qué tristeza que extranjeros que vinieron como policías a una institución internacional impuesta por la ""comunidad internacional"" supuestamente para combatir la impunidad, se hayan quedado como ""analistas"" y periodistas en Guatemala, comentando temas nacionales. Es la nueva conquista.",tristeza extranjero venir policía institución internacional impuesto comunidad internacional supuestamente combatir impunidad haber quedar analista periodista guatemala comentar tema nacional conquista,NEG,0.9789384603500366,0.017893480136990547,0.0031680192332714796
PjmxCj-a9Hg,UgyIfQ-oDt0uVFZIq9d4AaABAg,Conferencia de Prensa del Gobierno de Guatemala. #LaRondaGt,Gobierno de la República de Guatemala,UC-ZtFBHzgkYFh7whZkuR_Ag,@pablobarrios7931,UCusjriFsDHEc2AOjqk-p5ig,"Guate tambien tiene gobierno PROGRE, LOS Y LAS DIPUTADAS,  JAJAJA
CIUDADANOS Y CIUDADANAS JAJAJA
CHIQUILLOS Y CHIQUILLOS JAJAJA
Los gobiernos PROGRES son los que estan llevando  a la ruina auchoa paises,  principalmente en occidente.  
Estos PROGRESS que se pongan a trabajar de manera mas activa por el Pais y no solo bla bla bla.   Se nesesita tomar.accion YA y no bla bla bla.",@GobiernodeGuatemala,topic,PjmxCj-a9Hg_out_comments.csv | youtube_guatemala_plus_comments.csv,/@pablobarrios7931,hace 1 año,2,0,False,,2.0,"Guate tambien tiene gobierno PROGRE, LOS Y LAS DIPUTADAS,  JAJAJA
CIUDADANOS Y CIUDADANAS JAJAJA
CHIQUILLOS Y CHIQUILLOS JAJAJA
Los gobiernos PROGRES son los que estan llevando  a la ruina auchoa paises,  principalmente en occidente.  
Estos PROGRESS que se pongan a trabajar de manera mas activa por el Pais y no solo bla bla bla.   Se nesesita tomar.accion YA y no bla bla bla.",guate gobierno prograr diputada jajajar ciudadano ciudadana jajajar chiquillo chiquillo jajajar gobierno progr llevar ruina auchoo país principalmente occidente progres poner trabajar activo pais bla bla bla nesesitar tomar accion bla bla bla,NEG,0.8736497163772583,0.10477300733327866,0.021577263250947
ndAZjHqzzT8,UgyIteBIiYe7DjUN3554AaABAg,Internet: escoger el menos malo,Quorum,UCE4rsXcgDb6e1-a9iTbWzfg,@rwdm76,UCVC2QugcI1G4RvlCiUqd1aQ,EXCELENTE,@quorumgt/videos,channel,quorum_complete_comments.csv | youtube_guatemala_plus_comments.csv,/@rwdm76,hace 11 meses, ,0,False,,,EXCELENTE,excelente,NEU,0.20341528952121735,0.477862685918808,0.31872206926345825
lj983NWyAQY,UgyJ7QRY-X3DsJC-t-p4AaABAg,Plan 2032 Ciudad de Guatemala,Municipalidad de Guatemala,UCXa6LVjBzUtmcM3cwbd9e2w,@isaidiaz2388,UC5fvhAfm89JH8eDFdvc0xYw,Guate es Classic 👍💯,Municipalidad de Guatemala,topic,lj983NWyAQY_out_comments.csv | youtube_guatemala_plus_comments.csv,/@isaidiaz2388,hace 5 años, ,0,False,,,Guate es Classic 👍💯,guate classic,POS,0.04641053453087807,0.4366489052772522,0.5169405937194824
PjmxCj-a9Hg,UgyJnStLEHxVNbAfd0p4AaABAg,Conferencia de Prensa del Gobierno de Guatemala. #LaRondaGt,Gobierno de la República de Guatemala,UC-ZtFBHzgkYFh7whZkuR_Ag,@mariavail8998,UCAV7QIjYhbDJaycQycM_0eQ,No dejen que nuestros hermanos Guatemalatecos qué esten encerrados en esse lugar pir favor 🙏 Autoridades sun  nuestros prójimos gracias señores 🙏 🙌 👏,@GobiernodeGuatemala,topic,PjmxCj-a9Hg_out_comments.csv | youtube_guatemala_plus_comments.csv,/@mariavail8998,hace 1 año,3,0,False,,3.0,No dejen que nuestros hermanos Guatemalatecos qué esten encerrados en esse lugar pir favor 🙏 Autoridades sun  nuestros prójimos gracias señores 🙏 🙌 👏,dejar hermano guatemalateco estir encerrado esse lugar pir favor autoridad sun prójir gracias señor,NEG,0.4518209993839264,0.44459304213523865,0.10358596593141556
n8iP75gIpmw,UgyMRj1sNq6Xkrqepst4AaABAg,Qué rico come tu diputado,Quorum,UCE4rsXcgDb6e1-a9iTbWzfg,@EnnioAroche,UC3E9mAgP7VoAE5mZoAexl5g,"Son realmente estos diputados unos aprovechados, mientras los jubilados del igss  ,algunos reciben 300.00 quetzales al mes y no los an apoyado.",@quorumgt/videos,channel,quorum_complete_comments.csv | youtube_guatemala_plus_comments.csv,/@EnnioAroche,hace 1 año, ,0,False,,,"Son realmente estos diputados unos aprovechados, mientras los jubilados del igss  ,algunos reciben 300.00 quetzales al mes y no los an apoyado.",realmente diputado aprovechado jubilado igss recibir quetzales mes an apoyar,NEG,0.9760298728942871,0.01968299224972725,0.004287146497517824
n8iP75gIpmw,UgyN-BmjI1Qyr5moi-x4AaABAg,Qué rico come tu diputado,Quorum,UCE4rsXcgDb6e1-a9iTbWzfg,@ernestogamboa8737,UCB5p8a5gklc80jJItP6xTHg,"Aunqué contradiga, ellos están acostumbrados a hacer esto, comiendo a costillas del pueblo,",@quorumgt/videos,channel,quorum_complete_comments.csv | youtube_guatemala_plus_comments.csv,/@ernestogamboa8737,hace 2 años,6,0,False,,6.0,"Aunqué contradiga, ellos están acostumbrados a hacer esto, comiendo a costillas del pueblo,",aunqué contradigar acostumbrado comer costilla pueblo,NEG,0.7800401449203491,0.18944789469242096,0.03051195666193962
6W4u8sGEnGM,UgyNuIQ1W1M3g8ut6314AaABAg,Inician los trabajos de recuperación del Puente Belice II.,Gobierno de la República de Guatemala,UC-ZtFBHzgkYFh7whZkuR_Ag,@BorisTebalán,UC1NiEdJ7gk6FlDexIalWnGg,"Las verdad si ya es un hecho si el presidente se merece mucho respeto porque está haciendo en tristes 4 años ese proyecto.
MIENTRAS LOS CORRUPTOS HDP SOLO SE HAN HUEVIADO LAS MILLONADAS DE DINERO EN MAS DE 60 AÑOS NO HICIERON
 NI PURA MIERDA. 😡
Pero la gente burra aun así pienso que vamos a regresar con los corruptos hdpm a ser gobernados. 
ESPERO EQUIVOCARME",Gobierno de la República de Guatemala,topic,youtube_guatemala_plus_comments.csv | youtube_lab_targets_small_comments.csv,/@BorisTebal%C3%A1n,hace 5 días, ,0,False,,,"Las verdad si ya es un hecho si el presidente se merece mucho respeto porque está haciendo en tristes 4 años ese proyecto.
MIENTRAS LOS CORRUPTOS HDP SOLO SE HAN HUEVIADO LAS MILLONADAS DE DINERO EN MAS DE 60 AÑOS NO HICIERON
 NI PURA MIERDA. 😡
Pero la gente burra aun así pienso que vamos a regresar con los corruptos hdpm a ser gobernados. 
ESPERO EQUIVOCARME",presidente merecer respeto triste año proyecto corrupto hdp hueviar millonada dinero año pura mierda gente burra pensar regresar corrupto hdpm gobernado esperar equivocar yo,NEG,0.9747357368469238,0.019475126639008522,0.005789054092019796
yLZS3JiEBg8,UgyOyo4VyMiMOhqOkGd4AaABAg,Arroz con pollo a la MONOPOLIO,Quorum,UCE4rsXcgDb6e1-a9iTbWzfg,@miguelbran1268,UCdQAuWwyC99MB7Y02Umj26Q,"Y todo se resume en la letra pequeña, suena bonito pero no es así de fácil, vos crees realmente que Dionisio va a estar de acuerdo con dejar que otros vendan pollo y huevos, lo siento mucho pero tenes que detallar más en la letra pequeña.
Dionisio nunca va a dejar que eso pase, y si el está de acuerdo entonces perdemos los consumidores. El león no es como lo pintan.",@quorumgt/videos,channel,quorum_complete_comments.csv | youtube_guatemala_plus_comments.csv,/@miguelbran1268,hace 2 años, ,0,False,,,"Y todo se resume en la letra pequeña, suena bonito pero no es así de fácil, vos crees realmente que Dionisio va a estar de acuerdo con dejar que otros vendan pollo y huevos, lo siento mucho pero tenes que detallar más en la letra pequeña.
Dionisio nunca va a dejar que eso pase, y si el está de acuerdo entonces perdemos los consumidores. El león no es como lo pintan.",resumir letra pequeño sonar bonito fácil vo crees realmente dionisio dejar vender pollo huevo sentir tén detallar letra pequeño dionisio dejar pasar perder consumidor león pintir,NEG,0.8110073804855347,0.17836865782737732,0.010623890906572342
TT4qJ5FXHYE,UgyPm-2rnRLPav43Bt14AaABAg,"I’x K’at: el primer equipo guatemalteco de pelota maya, conformado únicamente por mujeres.",Quorum,UCE4rsXcgDb6e1-a9iTbWzfg,@taniagabrielacelis8434,UCtowGNY2lnlg6O2CkwDgkLg,"¡Aplaudo y celebro su iniciativa! Desde Puebla, me enorgullece conocer un grupo femenino de Ulama 😊❤️.",@quorumgt/videos,channel,quorum_complete_comments.csv | youtube_guatemala_plus_comments.csv,/@taniagabrielacelis8434,hace 3 años,2,0,False,,2.0,"¡Aplaudo y celebro su iniciativa! Desde Puebla, me enorgullece conocer un grupo femenino de Ulama 😊❤️.",aplaudo celebro iniciativa puebla enorgullecer grupo femenino ulama,POS,0.005116693675518036,0.03140314295887947,0.9634801149368286
OkXlHx0hx-8,UgyQQbXS_Q_JYcSefap4AaABAg,EE.UU. envía a mexicanos deportados a Guatemala antes de su regreso a México | Noticias Telemundo,Noticias Telemundo,UCRwA1NUcUnwsly35ikGhp0A,@MarioCortez-o6v,UCp_dAUfv8i3LW3zWc24dLaQ,Regresaron sin nada 😂😂,guatemala noticias,topic,youtube_guatemala_comments.csv | youtube_guatemala_plus_comments.csv,/@MarioCortez-o6v,hace 1 día,1,0,False,,1.0,Regresaron sin nada 😂😂,regresar,NEU,0.42316150665283203,0.5370835065841675,0.03975497931241989
UhL9y3KUl8E,UgyQxncw9dtHgZFgp014AaABAg,SHAI WA: la vecina queer de Casa Presidencial,Quorum,UCE4rsXcgDb6e1-a9iTbWzfg,@aditalissethevasquezrojas8039,UC_NRVt2UP88ZNTwzrZ66JSg,"Gracias por este video, que importante conocer este tipo de espacios.",@quorumgt/videos,channel,quorum_complete_comments.csv | youtube_guatemala_plus_comments.csv,/@aditalissethevasquezrojas8039,hace 3 años,2,0,False,,2.0,"Gracias por este video, que importante conocer este tipo de espacios.",gracias video importante tipo espacio,POS,0.002790754660964012,0.022867681458592415,0.9743415117263794
j43HgwYFKfk,UgyRmKHMG-ygpot6nY14AaABAg,La cooptación de Walter Mazariegos en la USAC,Quorum,UCE4rsXcgDb6e1-a9iTbWzfg,@Jel.Awesh.M,UCylqlpsh8ENNM1LqgQ1KbxA,"Triste la realidad de la USAC, y buen video, ojalá saque más frecuentemente.",@quorumgt,topic,j43HgwYFKfk_out_comments.csv | quorum_complete_comments.csv | youtube_guatemala_plus_comments.csv,/@Jel.Awesh.M,hace 1 año,1,0,False,,1.0,"Triste la realidad de la USAC, y buen video, ojalá saque más frecuentemente.",triste realidad usac video ojalá sacar frecuentemente,NEG,0.6793684363365173,0.23426498472690582,0.08636650443077087
j43HgwYFKfk,UgyS31-ujtXB5VmjBRV4AaABAg,La cooptación de Walter Mazariegos en la USAC,Quorum,UCE4rsXcgDb6e1-a9iTbWzfg,@ligiaguerra3057,UCRvPToDkkumha7WJAfCDk1A,Que asco,@quorumgt/videos,channel,quorum_complete_comments.csv | youtube_guatemala_plus_comments.csv,/@ligiaguerra3057,hace 1 año, ,0,False,,,Que asco,asco,NEG,0.8485830426216125,0.1225297674536705,0.02888725884258747
PjmxCj-a9Hg,UgySlQlmZmrLAq5JsLx4AaABAg,Conferencia de Prensa del Gobierno de Guatemala. #LaRondaGt,Gobierno de la República de Guatemala,UC-ZtFBHzgkYFh7whZkuR_Ag,@kevinochoa3695,UCPZueDLrCS4BmTBRMA4q0fA,"Bienvenido el tren maya 🎉 como hay ineptos que se oponen a esta gran colaboración estamos hablando de desarrollo para nuestra frontera, desarrollo para el país en general acaso no saben cuantos turistas genera al año? imagínense de aquí a 10 años ya con el tren maya y todo nuestro país conectado logísticamente con trenes",@GobiernodeGuatemala,topic,PjmxCj-a9Hg_out_comments.csv | youtube_guatemala_plus_comments.csv,/@kevinochoa3695,hace 1 año,1,1,False,,1.0,"Bienvenido el tren maya 🎉 como hay ineptos que se oponen a esta gran colaboración estamos hablando de desarrollo para nuestra frontera, desarrollo para el país en general acaso no saben cuantos turistas genera al año? imagínense de aquí a 10 años ya con el tren maya y todo nuestro país conectado logísticamente con trenes",bienvenir tren maya inepto oponer colaboración hablar desarrollo frontera desarrollo país general acaso turista generar año imagínense año tren maya país conectado logísticamente tren,NEG,0.6556767821311951,0.28020039200782776,0.06412284076213837
PjmxCj-a9Hg,UgySlQlmZmrLAq5JsLx4AaABAg.ALh5XYlqNufALhOuUP3UYB,Conferencia de Prensa del Gobierno de Guatemala. #LaRondaGt,Gobierno de la República de Guatemala,UC-ZtFBHzgkYFh7whZkuR_Ag,@Burgos68,UC7IMsCxfZyWN7YQo8-JYa6Q,"Me agrado lo que usted a dicho, es cierto hay muchas personas que no piensan en el desarrollo mutuo y en el lugar de hacer comentarios de felicitaciones al Gobierno por éste desarrollo solidario,  se ponen hablar estupideces.",@GobiernodeGuatemala,topic,PjmxCj-a9Hg_out_comments.csv | youtube_guatemala_plus_comments.csv,/@Burgos68,hace 1 año, ,0,False,,,"Me agrado lo que usted a dicho, es cierto hay muchas personas que no piensan en el desarrollo mutuo y en el lugar de hacer comentarios de felicitaciones al Gobierno por éste desarrollo solidario,  se ponen hablar estupideces.",agrar persona pensar desarrollo mutuo lugar comentario felicitación gobierno desarrollo solidario poner hablar estupidez,NEG,0.9636765718460083,0.027953077107667923,0.008370338007807732
lj983NWyAQY,UgySttznhywvGXZyF-N4AaABAg,Plan 2032 Ciudad de Guatemala,Municipalidad de Guatemala,UCXa6LVjBzUtmcM3cwbd9e2w,@crislexrubi4387,UCHMQ_lDhibZ-XZ_3fo6oxwg,Muy bello Guatemala. Saludos desde Honduras,Municipalidad de Guatemala,topic,lj983NWyAQY_out_comments.csv | youtube_guatemala_plus_comments.csv,/@crislexrubi4387,hace 7 años,16,0,False,,16.0,Muy bello Guatemala. Saludos desde Honduras,bello guatemala saludo hondura,POS,0.005462082102894783,0.03432689979672432,0.9602110385894775
n8iP75gIpmw,UgyVLVHQ4zNBKTTDxtp4AaABAg,Qué rico come tu diputado,Quorum,UCE4rsXcgDb6e1-a9iTbWzfg,@inge_vergueta,UCpsKOkt5iWTbenzeuq7dsmQ,Que se podía esperar de ese diputado que estuvo con Manuel Baldizon es otro delincuente. La gente tiene que aprender a votar por el congreso también porque solo meten lacras en el congreso 😷😷,@quorumgt/videos,channel,quorum_complete_comments.csv | youtube_guatemala_plus_comments.csv,/@inge_vergueta,hace 2 años,1,0,False,,1.0,Que se podía esperar de ese diputado que estuvo con Manuel Baldizon es otro delincuente. La gente tiene que aprender a votar por el congreso también porque solo meten lacras en el congreso 😷😷,poder esperar diputado manuel baldizon delincuente gente aprender votar congreso metar lacra congreso,NEG,0.9356070756912231,0.05952353775501251,0.004869380500167608
j43HgwYFKfk,UgyWzgDknElvfn9oFJZ4AaABAg,La cooptación de Walter Mazariegos en la USAC,Quorum,UCE4rsXcgDb6e1-a9iTbWzfg,@lesolorzano,UC7dadZG7kkGYnsNu6td0FbA,Nubes negras sobre el CSU. Empieza a oler a democracia.,@quorumgt,topic,j43HgwYFKfk_out_comments.csv | quorum_complete_comments.csv | youtube_guatemala_plus_comments.csv,/@lesolorzano,hace 1 año,18,0,False,,18.0,Nubes negras sobre el CSU. Empieza a oler a democracia.,nube negro csu empezar oler democracia,NEG,0.7635281085968018,0.2053939253091812,0.031077921390533447
n8iP75gIpmw,UgyX06qZFc3cNK6223J4AaABAg,Qué rico come tu diputado,Quorum,UCE4rsXcgDb6e1-a9iTbWzfg,@josecarrera9623,UCrJn_rbo_ENAdeqneS-RmRw,"q mira el presidente Ramos
seguir .anteniendo esos.mantenidos y mucha jente con ambre q yeben su almuerzo d su casa esos simverguenzas y no asen nada bueno por guatemala solo cobrar el finde.mes y comor",@quorumgt/videos,channel,quorum_complete_comments.csv | youtube_guatemala_plus_comments.csv,/@josecarrera9623,hace 2 años, ,0,False,,,"q mira el presidente Ramos
seguir .anteniendo esos.mantenidos y mucha jente con ambre q yeben su almuerzo d su casa esos simverguenzas y no asen nada bueno por guatemala solo cobrar el finde.mes y comor",q mirar presidente ramos seguir anteneir mantenido jente ambre q yebir almuerzo d casa simverguenza ar guatemala cobrar finde mes comor,NEG,0.9690243005752563,0.02654966711997986,0.004426008090376854
is3Mk5oC19g,UgyXTA5oFwzI70TKCUd4AaABAg,Capturan a ladrón que había quedado grabado mientras robaba en una parroquia de Retalhuleu,TN23 Guatemala,UCt5Dw7ePnn0AqPqRF8Xpjkw,@denilsonlopez4083,UCFFrEmn6lPYiWyElpfzTy5Q,El humano la misma 💩💩💩,guatemala noticias,topic,youtube_guatemala_comments.csv | youtube_guatemala_plus_comments.csv,/@denilsonlopez4083,hace 21 horas, ,0,False,,,El humano la misma 💩💩💩,humano,NEG,0.869867205619812,0.1206933930516243,0.009439341723918915
TT4qJ5FXHYE,UgyYPJkzW5rbOUI_vcd4AaABAg,"I’x K’at: el primer equipo guatemalteco de pelota maya, conformado únicamente por mujeres.",Quorum,UCE4rsXcgDb6e1-a9iTbWzfg,@Santiago.Nolasco,UCNiMNUJvaRJb0_QLClqwVnA,Excelente iniciativa,@quorumgt/videos,channel,quorum_complete_comments.csv | youtube_guatemala_plus_comments.csv,/@Santiago.Nolasco,hace 3 años,2,0,False,,2.0,Excelente iniciativa,excelente iniciativa,POS,0.008101868443191051,0.06980495154857635,0.9220931529998779
lj983NWyAQY,UgyYRHeJlfB9VF69LSp4AaABAg,Plan 2032 Ciudad de Guatemala,Municipalidad de Guatemala,UCXa6LVjBzUtmcM3cwbd9e2w,@alexandrevasquez4135,UCs_5qeqdku9tGAq22y3OcuQ,Me da mucha emoción q la ciudad de guatemala va prosperando algún día vamos hacer una de las ciudades mas famosas del mundo con alta tecnologia q china me gusta mucho este proyecto y ojalay q se cumpla..,Municipalidad de Guatemala,topic,lj983NWyAQY_out_comments.csv | youtube_guatemala_plus_comments.csv,/@alexandrevasquez4135,hace 7 años,4,0,False,,4.0,Me da mucha emoción q la ciudad de guatemala va prosperando algún día vamos hacer una de las ciudades mas famosas del mundo con alta tecnologia q china me gusta mucho este proyecto y ojalay q se cumpla..,emoción q ciudad guatemala prosperar ciudad famoso mundo alto tecnologia q chino gustar proyecto ojalay q cumplir,POS,0.002741605741903186,0.02376166172325611,0.9734967947006226
j43HgwYFKfk,UgyYaWYhDStGYWDGkb94AaABAg,La cooptación de Walter Mazariegos en la USAC,Quorum,UCE4rsXcgDb6e1-a9iTbWzfg,@lidiarodriguez3493,UCCBYcToQ2dwkd6TJh0FSyDg,"Importante información la. Usac de ser oposición se volvió servil, se va recuperar 👍",@quorumgt/videos,channel,quorum_complete_comments.csv | youtube_guatemala_plus_comments.csv,/@lidiarodriguez3493,hace 1 año, ,0,False,,,"Importante información la. Usac de ser oposición se volvió servil, se va recuperar 👍",importante información usac oposición volver servil recuperar,NEU,0.4064679443836212,0.5647924542427063,0.028739523142576218
yLZS3JiEBg8,UgyYh5BUgByoCy2qNBR4AaABAg,Arroz con pollo a la MONOPOLIO,Quorum,UCE4rsXcgDb6e1-a9iTbWzfg,@angelmartinez9523,UCxcoDvP-g2_KTZDmVZtvb3w,"En resumen son periodistas patéticos y poco profesionales. Si van a dar información, no la den a medias. 
1. Existe inflación, la cual fue más alta que los datos que están proporcionado, esto afecta a las empresas o el propósito es que ahora las empresas subsidien lo que venden? 
2. Los precios internacionales aplican cuando una empresa o persona oferta o compra en bolsas de valores. Existen diferentes calidades. 
3. Existen aranceles que pagan las importaciones al menos que vayan a ser procesados y exportados (ej. beneficio 2989), el DAI en la mayoría de casos es de 10%  más IVA de 12%, más ISR y otros. Esto va desde carros a cebolla a frijoles y arroz. 
No se quejan de todos los carros importados pero aún así las agencias venden más y está en manos de pocos grupos. 
4. Los margenes netos de las industrias mencionadas a disminuido. Expliquen porque.
5. Estas empresas siguen porque han conseguido la manera de hacerlo rentable, pero cualquiera puede producir, vender, importar o exportar. La diferencia es que no saben cómo hacerlo y no tienen el dinero (la verdadera barrera de entrada). 
6. El ingenio que hablan no está en otro país por las condiciones que mencionan, lo cual desacredita que todo lo que digan sea cierto.",@quorumgt/videos,channel,quorum_complete_comments.csv | youtube_guatemala_plus_comments.csv,/@angelmartinez9523,hace 2 años, ,0,False,,,"En resumen son periodistas patéticos y poco profesionales. Si van a dar información, no la den a medias. 
1. Existe inflación, la cual fue más alta que los datos que están proporcionado, esto afecta a las empresas o el propósito es que ahora las empresas subsidien lo que venden? 
2. Los precios internacionales aplican cuando una empresa o persona oferta o compra en bolsas de valores. Existen diferentes calidades. 
3. Existen aranceles que pagan las importaciones al menos que vayan a ser procesados y exportados (ej. beneficio 2989), el DAI en la mayoría de casos es de 10%  más IVA de 12%, más ISR y otros. Esto va desde carros a cebolla a frijoles y arroz. 
No se quejan de todos los carros importados pero aún así las agencias venden más y está en manos de pocos grupos. 
4. Los margenes netos de las industrias mencionadas a disminuido. Expliquen porque.
5. Estas empresas siguen porque han conseguido la manera de hacerlo rentable, pero cualquiera puede producir, vender, importar o exportar. La diferencia es que no saben cómo hacerlo y no tienen el dinero (la verdadera barrera de entrada). 
6. El ingenio que hablan no está en otro país por las condiciones que mencionan, lo cual desacredita que todo lo que digan sea cierto.",resumen periodista patético profesional información dar medias inflación alto dato proporcionado afectar empresa propósito empresa subsidiar vender precio internacional aplicar empresa persona oferta compra bolsa valor calidad arancel pagar importación ir procesar exportado ej beneficio dai mayoría caso ivo isr carro cebolla frijol arroz quejar carro importado agencia vender manos grupo margen neto industria mencionado disminuido explicar empresa seguir conseguir rentable cualquiera producir vender importar exportar diferencia dinero barrera entrada ingenio país condición mencionar desacreditar decir,NEG,0.9343358874320984,0.06151634082198143,0.004147744737565517
j43HgwYFKfk,UgyZ2zEvW_CClk8k15F4AaABAg,La cooptación de Walter Mazariegos en la USAC,Quorum,UCE4rsXcgDb6e1-a9iTbWzfg,@dinoraoroxon5771,UCW-JC6lebVmf2P1dmY_L94g,"Felicitaciones,muy buena información sobre  ese caso ni los medios informan la veracidad de todo esto,en verdad felicitaciones ojala todos los universitarios fieran como usted,sigan peleando sus derechos",@quorumgt,topic,j43HgwYFKfk_out_comments.csv | quorum_complete_comments.csv | youtube_guatemala_plus_comments.csv,/@dinoraoroxon5771,hace 4 meses, ,0,False,,,"Felicitaciones,muy buena información sobre  ese caso ni los medios informan la veracidad de todo esto,en verdad felicitaciones ojala todos los universitarios fieran como usted,sigan peleando sus derechos",felicitación información caso medio informar veracidad felicitación ojala universitario feír seguir pelear derecho,POS,0.01596333272755146,0.08685183525085449,0.8971847891807556
j43HgwYFKfk,Ugy_6i8lJAd2eVIRNjx4AaABAg,La cooptación de Walter Mazariegos en la USAC,Quorum,UCE4rsXcgDb6e1-a9iTbWzfg,@NataliaRodriguez-rx5mr,UCgJNFj5dnxXpcMvmuhZDPxA,Excelente vídeo!,@quorumgt,topic,j43HgwYFKfk_out_comments.csv | quorum_complete_comments.csv | youtube_guatemala_plus_comments.csv,/@NataliaRodriguez-rx5mr,hace 1 año,1,0,False,,1.0,Excelente vídeo!,excelente vídeo,POS,0.011400697752833366,0.07214931398630142,0.9164499044418335
n8iP75gIpmw,Ugy__nsWCBggw9EzOUd4AaABAg,Qué rico come tu diputado,Quorum,UCE4rsXcgDb6e1-a9iTbWzfg,@eddymunoz9789,UCFoIAE8k82D6AV-8gjjKaNg,"Lo que sucede señor diputado es que por trabajar en favor de la población es su trabajo y se le paga por eso, no le podemos quemar cuetes por cada dis que logro, asi que si es justo que los Respetables Periodistas investiguen las anomalías, no quiera darle vuelta a la tortilla😅😅😅😅 pues usted lobdice de forma tan fantaciosa como si a usted se le debiera celebrar el que trabaja!",@quorumgt/videos,channel,quorum_complete_comments.csv | youtube_guatemala_plus_comments.csv,/@eddymunoz9789,hace 2 años,1,1,False,,1.0,"Lo que sucede señor diputado es que por trabajar en favor de la población es su trabajo y se le paga por eso, no le podemos quemar cuetes por cada dis que logro, asi que si es justo que los Respetables Periodistas investiguen las anomalías, no quiera darle vuelta a la tortilla😅😅😅😅 pues usted lobdice de forma tan fantaciosa como si a usted se le debiera celebrar el que trabaja!",suceder señor diputado trabajar favor población trabajo pagar quemar cuet dis lograr justo respetabl periodista investigar anomalía querer dar él vuelta tortilla lobdizar forma fantaciós deber celebrar trabajar,NEG,0.8966668248176575,0.0954550951719284,0.007878132164478302
n8iP75gIpmw,Ugy__nsWCBggw9EzOUd4AaABAg.A7lbRpGUZoHA7nJxaD37u-,Qué rico come tu diputado,Quorum,UCE4rsXcgDb6e1-a9iTbWzfg,@HaroldoCastillo-rh9iw,UCFjudnPLoaSL1BaRuLahyHg,Cierto.,@quorumgt/videos,channel,quorum_complete_comments.csv | youtube_guatemala_plus_comments.csv,/@HaroldoCastillo-rh9iw,hace 2 años,1,0,False,,1.0,Cierto.,,NEU,0.24235080182552338,0.4796285927295685,0.2780206501483917
j43HgwYFKfk,Ugy_ejYOfCK6ERWL_dt4AaABAg,La cooptación de Walter Mazariegos en la USAC,Quorum,UCE4rsXcgDb6e1-a9iTbWzfg,@FernandoGarcia-jg1fj,UCe8JZoYkX5oKUZyivHYdXhw,"Entiendo lo grave de mi alma mater, ahora decir puchica, simon ya vas no hace más cercano el mensaje aleja la gravedad de este, esta hablando con universitarios no con sus cuates, los del barrio o perdón  la mara, por esa eterna adolescencia es que nadie lo trata con seriedad",@quorumgt,topic,j43HgwYFKfk_out_comments.csv | quorum_complete_comments.csv | youtube_guatemala_plus_comments.csv,/@FernandoGarcia-jg1fj,hace 2 meses, ,0,False,,,"Entiendo lo grave de mi alma mater, ahora decir puchica, simon ya vas no hace más cercano el mensaje aleja la gravedad de este, esta hablando con universitarios no con sus cuates, los del barrio o perdón  la mara, por esa eterna adolescencia es que nadie lo trata con seriedad",entender grave alma mater puchica simon vas cercano mensaje alejar gravedad hablar universitario cuat barrio perdón mara eterno adolescencia seriedad,NEG,0.9492125511169434,0.04863182455301285,0.0021555714774876833
ndAZjHqzzT8,Ugy_hCCLd8GwWbnIbsd4AaABAg,Internet: escoger el menos malo,Quorum,UCE4rsXcgDb6e1-a9iTbWzfg,@cmorera21,UCnU8wO1OurAmGstDw6VGjgQ,"Excelente video, gracias por contarnos cómo son este par de empresas cuando están solitas en un pais. Y pensar que aquí en Costa Rica nos quejamos por mucho menos. Le cuento como es aquí:
Yo soy cliente de Claro en el celular y la verdad, aunque la cobertura ha mejorado mucho, aún le falta. Eso si, la velocidad de internet y claridad al llamar son excelentes y las facturas muy claras.
Tengo Tigo residencial y no me puedo quejar, la velocidad es estable y falla muy poco dónde vivo. Y eso que no vivo para nada en la capital ni una cabecera de provincia, como les decimos aquí. A veces ha pasado que hasta hay huracanes y el internet como si nada. Aquí la ley indica que un cliente de servicio celular puede cambiarse hasta 5 veces de operador/plan por año y seguir con su número, el cuál es un derecho del cliente y cuyo dueño legal es la Sutel, la superintendencia de aquí.
El 3er competidor es el estatal ICE que también tiene aún buena cuota de mercado.
Hay muchas cableras regionales aparte de las 4 grandes nacionales (Tigo, Liberty (antes Movistar), Telecable y Kolbi que es del ICE).
Claro como proveedor de tv satelital está por todo el país, pero en fibra óptica apenas en algunos distritos de San José, la capital del país. El problema para los que tenemos Tigo (único proveedor en mi barrio) es que no hay servicio de fibra, solo cobre aún, y eso que hasta el ICE ya está reemplazado sus viejas líneas de par de cobre por fibra en todo el país.
En fin, solo quería contarle cómo funciona en otro país del área.",@quorumgt/videos,channel,quorum_complete_comments.csv | youtube_guatemala_plus_comments.csv,/@cmorera21,hace 2 años, ,0,False,,,"Excelente video, gracias por contarnos cómo son este par de empresas cuando están solitas en un pais. Y pensar que aquí en Costa Rica nos quejamos por mucho menos. Le cuento como es aquí:
Yo soy cliente de Claro en el celular y la verdad, aunque la cobertura ha mejorado mucho, aún le falta. Eso si, la velocidad de internet y claridad al llamar son excelentes y las facturas muy claras.
Tengo Tigo residencial y no me puedo quejar, la velocidad es estable y falla muy poco dónde vivo. Y eso que no vivo para nada en la capital ni una cabecera de provincia, como les decimos aquí. A veces ha pasado que hasta hay huracanes y el internet como si nada. Aquí la ley indica que un cliente de servicio celular puede cambiarse hasta 5 veces de operador/plan por año y seguir con su número, el cuál es un derecho del cliente y cuyo dueño legal es la Sutel, la superintendencia de aquí.
El 3er competidor es el estatal ICE que también tiene aún buena cuota de mercado.
Hay muchas cableras regionales aparte de las 4 grandes nacionales (Tigo, Liberty (antes Movistar), Telecable y Kolbi que es del ICE).
Claro como proveedor de tv satelital está por todo el país, pero en fibra óptica apenas en algunos distritos de San José, la capital del país. El problema para los que tenemos Tigo (único proveedor en mi barrio) es que no hay servicio de fibra, solo cobre aún, y eso que hasta el ICE ya está reemplazado sus viejas líneas de par de cobre por fibra en todo el país.
En fin, solo quería contarle cómo funciona en otro país del área.",excelente video gracias contarno par empresa solito pais pensar costa rico quejar contar cliente celular cobertura mejorar faltar velocidad internet claridad llamar excelente factura claro tigo residencial quejar velocidad estable fallar vivir vivir capital cabecera provincia decir huracán internet ley indicar cliente servicio celular cambiar él operador plan año seguir número derecho cliente cuyo dueño legal sutel superintendencia 3er competidor estatal izar cuota mercado cablera regional aparte nacional tigo liberty movistar telecable kolbi ice proveedor tv satelital país fibra óptico distrito san josé capital país problema tigo único proveedor barrio servicio fibra cobre ice reemplazado vieja línea par cobre fibra país querer contar él funcionar país área,NEU,0.09519841521978378,0.48564252257347107,0.41915908455848694
PjmxCj-a9Hg,Ugyav8Au2cT8yVfYgp54AaABAg,Conferencia de Prensa del Gobierno de Guatemala. #LaRondaGt,Gobierno de la República de Guatemala,UC-ZtFBHzgkYFh7whZkuR_Ag,@CarlosCortez-v5r,UCf5lnNZF7Qrtli9v4N_23WQ,Platiquen de petróleo  y del hospital de rabinal que paso,@GobiernodeGuatemala,topic,PjmxCj-a9Hg_out_comments.csv | youtube_guatemala_plus_comments.csv,/@CarlosCortez-v5r,hace 1 año, ,0,False,,,Platiquen de petróleo  y del hospital de rabinal que paso,platicar petróleo hospital rabinal pasar,NEG,0.5536416172981262,0.4311954975128174,0.015162834897637367
j43HgwYFKfk,Ugyb2uIeZGcNljNqap94AaABAg,La cooptación de Walter Mazariegos en la USAC,Quorum,UCE4rsXcgDb6e1-a9iTbWzfg,@rogeraldana4289,UCW80DaMjQlEUibC98Cot-Dg,"Que pena que estos pusilánimes muertos de hambre de poder estén llevando a la Universidad a denigrar la democracia en Guatemala empezando con sus elecciones fraudulentas. 
Pero si bien es cierto todo lo mal habido se acaba.",@quorumgt/videos,channel,quorum_complete_comments.csv | youtube_guatemala_plus_comments.csv,/@rogeraldana4289,hace 1 año, ,0,False,,,"Que pena que estos pusilánimes muertos de hambre de poder estén llevando a la Universidad a denigrar la democracia en Guatemala empezando con sus elecciones fraudulentas. 
Pero si bien es cierto todo lo mal habido se acaba.",penar pusilánim muerto hambre estar llevar universidad denigrar democracia guatemala empezar elección fraudulento haber acabar,NEG,0.9818130731582642,0.013551642186939716,0.0046353149227797985
n8iP75gIpmw,UgycKHbiLBi0WcSs8sh4AaABAg,Qué rico come tu diputado,Quorum,UCE4rsXcgDb6e1-a9iTbWzfg,@raquelprado3643,UCL13XhnRzbGokEkCkEOb0-g,Nunca trabajan para el pueblo si no para si mismos,@quorumgt/videos,channel,quorum_complete_comments.csv | youtube_guatemala_plus_comments.csv,/@raquelprado3643,hace 2 años,7,0,False,,7.0,Nunca trabajan para el pueblo si no para si mismos,trabajar pueblo,NEG,0.9014133214950562,0.08689159154891968,0.011695106513798237
j43HgwYFKfk,UgyciTatiqHr2BpFTqJ4AaABAg,La cooptación de Walter Mazariegos en la USAC,Quorum,UCE4rsXcgDb6e1-a9iTbWzfg,@laboratorio5528,UCDrmf9y9nLgFY5wnA2hTuGA,Excelente vídeo!! Sería bueno extender este video y mencionar los nombres y facultades a los representantes que ya estan ilegalmente en su cargo,@quorumgt,topic,j43HgwYFKfk_out_comments.csv | quorum_complete_comments.csv | youtube_guatemala_plus_comments.csv,/@laboratorio5528,hace 1 año (editado),1,0,False,,1.0,Excelente vídeo!! Sería bueno extender este video y mencionar los nombres y facultades a los representantes que ya estan ilegalmente en su cargo,excelente vídeo extender video mencionar nombre facultad representante ilegalmente cargo,NEU,0.025244133546948433,0.5814417004585266,0.3933141231536865
n8iP75gIpmw,UgydkbyzemdvsBJrYxt4AaABAg,Qué rico come tu diputado,Quorum,UCE4rsXcgDb6e1-a9iTbWzfg,@JuanChang-r6k,UCTD6q1nyIe3Y7HhqjaMj72w,"Entonces, no se postulen para diputados si dicen que no alcanza el dinero",@quorumgt/videos,channel,quorum_complete_comments.csv | youtube_guatemala_plus_comments.csv,/@JuanChang-r6k,hace 2 años,8,0,False,,8.0,"Entonces, no se postulen para diputados si dicen que no alcanza el dinero",postular diputado alcanzar dinero,NEG,0.8079643249511719,0.18304604291915894,0.008989626541733742
lj983NWyAQY,UgyeTw07aydjDqK4crN4AaABAg,Plan 2032 Ciudad de Guatemala,Municipalidad de Guatemala,UCXa6LVjBzUtmcM3cwbd9e2w,@jhonymanuel9891,UC0aEyakBPqcBkVJiErfSupQ,Wow una ciudad de futuro,Municipalidad de Guatemala,topic,lj983NWyAQY_out_comments.csv | youtube_guatemala_plus_comments.csv,/@jhonymanuel9891,hace 7 años,70,0,False,,70.0,Wow una ciudad de futuro,wow ciudad futuro,POS,0.007245311513543129,0.11900825053453445,0.8737464547157288
n8iP75gIpmw,Ugyeb8_nptWKXnFXH8F4AaABAg,Qué rico come tu diputado,Quorum,UCE4rsXcgDb6e1-a9iTbWzfg,@byronpontaza,UChs3tU2BcKOT0CezykvAsGw,"Porque este programa no habla de la corrupción, de los negocios de Miguelito y Giamatei, o será que ellos les pagan",@quorumgt/videos,channel,quorum_complete_comments.csv | youtube_guatemala_plus_comments.csv,/@byronpontaza,hace 2 años,1,0,False,,1.0,"Porque este programa no habla de la corrupción, de los negocios de Miguelito y Giamatei, o será que ellos les pagan",programa corrupción negocio miguelito giamatei pagar,NEG,0.8387603759765625,0.14967647194862366,0.011563085950911045
n8iP75gIpmw,Ugyejets0FNr0Zh-VuZ4AaABAg,Qué rico come tu diputado,Quorum,UCE4rsXcgDb6e1-a9iTbWzfg,@edvinparedesherrera7632,UC650pRT-OYzny3GwOH8Cgfw,Que indignante saber como se artan estos coches y finalmente el pueblo esta ciendo dañado,@quorumgt/videos,channel,quorum_complete_comments.csv | youtube_guatemala_plus_comments.csv,/@edvinparedesherrera7632,hace 2 años,1,0,False,,1.0,Que indignante saber como se artan estos coches y finalmente el pueblo esta ciendo dañado,indignante artar coche finalmente pueblo ceir dañado,NEG,0.9859070777893066,0.011914768256247044,0.0021781325340270996
n8iP75gIpmw,UgyfMf4MkQsDKavjbLV4AaABAg,Qué rico come tu diputado,Quorum,UCE4rsXcgDb6e1-a9iTbWzfg,@ErvinLeonardoCarreraLatín,UC9vMq1YF-e7C-VO0SHkbUTA,P..... Como no es su dinero  les vale v....,@quorumgt/videos,channel,quorum_complete_comments.csv | youtube_guatemala_plus_comments.csv,/@ErvinLeonardoCarreraLat%C3%ADn,hace 2 años, ,0,False,,,P..... Como no es su dinero  les vale v....,p dinero valer v,NEG,0.9383217692375183,0.048771701753139496,0.01290652621537447
j43HgwYFKfk,UgyhYgz2ilvm1-T5IW94AaABAg,La cooptación de Walter Mazariegos en la USAC,Quorum,UCE4rsXcgDb6e1-a9iTbWzfg,@OmarMartinez-vv8re,UCWoAVGVqCn4xtINCMOTM4jg,"Esto es lo que los poderosos quieren esconder, sacan noticias a medias que confunden, si no acatan una orden para reinstalar a uno de sus miembros, que podemos esperar??? Entonces?? La ley es para unos y no para todos??...La San  Carlos ya no le pertenece ni representan al pueblo, "" Las ratas hacen fiesta en casa del gato""..😢",@quorumgt/videos,channel,quorum_complete_comments.csv | youtube_guatemala_plus_comments.csv,/@OmarMartinez-vv8re,hace 1 año (editado), ,0,False,,,"Esto es lo que los poderosos quieren esconder, sacan noticias a medias que confunden, si no acatan una orden para reinstalar a uno de sus miembros, que podemos esperar??? Entonces?? La ley es para unos y no para todos??...La San  Carlos ya no le pertenece ni representan al pueblo, "" Las ratas hacen fiesta en casa del gato""..😢",poderoso querer esconder sacar noticia media confundir acatar orden reinstalar miembro esperar ley san carlos pertenecer representar pueblo rata fiesta casa gato,NEG,0.9817517399787903,0.01573457196354866,0.0025136542972177267
n8iP75gIpmw,UgyiGiWPuiTR2hkzmVd4AaABAg,Qué rico come tu diputado,Quorum,UCE4rsXcgDb6e1-a9iTbWzfg,@hectoroliva949,UCDPWkUX3sNNaCx-m1dV4glA,Solo giamagyey penso en grandes proyectos la coaptacion total del estado y el gran proyecto de corrupcion,@quorumgt/videos,channel,quorum_complete_comments.csv | youtube_guatemala_plus_comments.csv,/@hectoroliva949,hace 1 año, ,0,False,,,Solo giamagyey penso en grandes proyectos la coaptacion total del estado y el gran proyecto de corrupcion,giamagyey penso proyecto coaptacion proyecto corrupcion,NEG,0.9015113115310669,0.08807289600372314,0.010415719822049141
j43HgwYFKfk,UgyiegHTZAVz8J4Ogvt4AaABAg,La cooptación de Walter Mazariegos en la USAC,Quorum,UCE4rsXcgDb6e1-a9iTbWzfg,@sergiohinestroza9709,UCsGoJEvb-cFPZ2rWoJcXzEQ,La felicito señorita; al rin hubo una valiente. Dios con usted  !!!,@quorumgt,topic,j43HgwYFKfk_out_comments.csv | quorum_complete_comments.csv | youtube_guatemala_plus_comments.csv,/@sergiohinestroza9709,hace 1 año,10,0,False,,10.0,La felicito señorita; al rin hubo una valiente. Dios con usted  !!!,felicito señoritar rin valiente dios,POS,0.005995102226734161,0.031890012323856354,0.9621148109436035
n8iP75gIpmw,UgyihMW-pXKI2cEDqWx4AaABAg,Qué rico come tu diputado,Quorum,UCE4rsXcgDb6e1-a9iTbWzfg,@MrDuenderojo,UCXXh7yg5KUFIWylTiKVEFKQ,Siguen con las mismas mañas....los diputados acostumbrados a estar de gorriones....,@quorumgt/videos,channel,quorum_complete_comments.csv | youtube_guatemala_plus_comments.csv,/@MrDuenderojo,hace 2 años,1,0,False,,1.0,Siguen con las mismas mañas....los diputados acostumbrados a estar de gorriones....,seguir maña diputado acostumbrado gorrión,NEG,0.9338787794113159,0.05554404482245445,0.0105771254748106
n8iP75gIpmw,UgyisqlInC7oBNbU95Z4AaABAg,Qué rico come tu diputado,Quorum,UCE4rsXcgDb6e1-a9iTbWzfg,@ManuelEdran,UC5H8ASmMC9WrURmzeB4ySog,Lleve su lonchera...,@quorumgt/videos,channel,quorum_complete_comments.csv | youtube_guatemala_plus_comments.csv,/@ManuelEdran,hace 2 años,1,0,False,,1.0,Lleve su lonchera...,llevar lonchera,NEU,0.056950896978378296,0.7149749398231506,0.22807422280311584
n8iP75gIpmw,Ugyk3PqfIuDEuXyeb494AaABAg,Qué rico come tu diputado,Quorum,UCE4rsXcgDb6e1-a9iTbWzfg,@edgarroldan5539,UCfM3nrxtTQMY5jFx1v1J4Gg,Cabal con pisto robado c asen micos y pericos lo de productivo para el país queda muy lejos,@quorumgt/videos,channel,quorum_complete_comments.csv | youtube_guatemala_plus_comments.csv,/@edgarroldan5539,hace 1 año, ,0,False,,,Cabal con pisto robado c asen micos y pericos lo de productivo para el país queda muy lejos,cabal pisto robado c ar mico perico productivo país quedar lejos,NEG,0.8753824830055237,0.10846763849258423,0.016149885952472687
n8iP75gIpmw,UgykKTDDGdoiNQIuYJd4AaABAg,Qué rico come tu diputado,Quorum,UCE4rsXcgDb6e1-a9iTbWzfg,@CARLOSSTREMS51,UCp4iw5_5SmV9VGTFSNVGOmQ,"Quien no lo conoce que lo compre, este fue mano derecha y achichincle de Baldizón en LIDER. Andaban en helicoptero pagado por los financistas que iban a cobrar con creces si llegaban al poder. Este es un Dipucaco",@quorumgt/videos,channel,quorum_complete_comments.csv | youtube_guatemala_plus_comments.csv,/@CARLOSSTREMS51,hace 2 años, ,0,False,,,"Quien no lo conoce que lo compre, este fue mano derecha y achichincle de Baldizón en LIDER. Andaban en helicoptero pagado por los financistas que iban a cobrar con creces si llegaban al poder. Este es un Dipucaco",conocer comprir mano derecho achichincle baldizón lider andar helicoptero pagado financista ir cobrar creces llegar dipucaco,NEG,0.8528891205787659,0.1190614253282547,0.028049448505043983
lj983NWyAQY,UgymHCpILRINq5oT_7B4AaABAg,Plan 2032 Ciudad de Guatemala,Municipalidad de Guatemala,UCXa6LVjBzUtmcM3cwbd9e2w,@JoseReyes-rn6sh,UCIp19h9igblA2YKfSLPDAug,"FORTALEZCAMOS A NUESTRA BELLÍSIMA GUATEMALA


GUATEMALTECOS Y GUATEMALTECAS UNIDOS


ESTAN CONMIGO?",Municipalidad de Guatemala,topic,lj983NWyAQY_out_comments.csv | youtube_guatemala_plus_comments.csv,/@JoseReyes-rn6sh,hace 6 años,14,1,False,,14.0,"FORTALEZCAMOS A NUESTRA BELLÍSIMA GUATEMALA


GUATEMALTECOS Y GUATEMALTECAS UNIDOS


ESTAN CONMIGO?",fortalezcamos bellísima guatemala guatemalteco guatemalteco unido,POS,0.0470476895570755,0.3452822268009186,0.6076700687408447
n8iP75gIpmw,UgymHZwhYtsW9EYkxdl4AaABAg,Qué rico come tu diputado,Quorum,UCE4rsXcgDb6e1-a9iTbWzfg,@nestormendez6216,UCQtICyzWmhC5woCtbNgaSmg,"Nery Rodas entienda. los fondos públicos no son para pagar comida de nadie. En lo privado ok. Es para generar negocios.
En lo público paguen de su sueldo. Punto.",@quorumgt/videos,channel,quorum_complete_comments.csv | youtube_guatemala_plus_comments.csv,/@nestormendez6216,hace 2 años,5,0,False,,5.0,"Nery Rodas entienda. los fondos públicos no son para pagar comida de nadie. En lo privado ok. Es para generar negocios.
En lo público paguen de su sueldo. Punto.",nery roda entender fondo público pagar comida privado ok generar negocio público pagar sueldo punto,NEU,0.3904002010822296,0.5623553991317749,0.047244392335414886
n8iP75gIpmw,Ugynh0Cq17X889qHS0J4AaABAg,Qué rico come tu diputado,Quorum,UCE4rsXcgDb6e1-a9iTbWzfg,@mariasamo8637,UCwha8rxULYMVtNwZWeSkE1A,No sé si todos los del Cabal son corruptos; pero Nery Rodas es un descarado corrupto.,@quorumgt/videos,channel,quorum_complete_comments.csv | youtube_guatemala_plus_comments.csv,/@mariasamo8637,hace 1 año, ,0,False,,,No sé si todos los del Cabal son corruptos; pero Nery Rodas es un descarado corrupto.,cabal corrupto nery roda descarado corrupto,NEG,0.8701311349868774,0.11069532483816147,0.01917354390025139
j43HgwYFKfk,UgyoRKhs1yP8oKoD3uh4AaABAg,La cooptación de Walter Mazariegos en la USAC,Quorum,UCE4rsXcgDb6e1-a9iTbWzfg,@Jel.Awesh.M,UCylqlpsh8ENNM1LqgQ1KbxA,Fuera Mazarriegos,@quorumgt,topic,j43HgwYFKfk_out_comments.csv | quorum_complete_comments.csv | youtube_guatemala_plus_comments.csv,/@Jel.Awesh.M,hace 4 meses, ,0,False,,,Fuera Mazarriegos,mazarriego,NEG,0.6260690689086914,0.31582218408584595,0.05810881033539772
j43HgwYFKfk,UgyoglGwyV2PhIAvHdt4AaABAg,La cooptación de Walter Mazariegos en la USAC,Quorum,UCE4rsXcgDb6e1-a9iTbWzfg,@caminoseternos752,UCHbwIx9pmQuf7i-4_xO2EpA,"Excelente información, necesitaba saber y esta bastante claro... Ahora entiendo mejor 😢",@quorumgt,topic,j43HgwYFKfk_out_comments.csv | quorum_complete_comments.csv | youtube_guatemala_plus_comments.csv,/@caminoseternos752,hace 6 meses (editado), ,0,False,,,"Excelente información, necesitaba saber y esta bastante claro... Ahora entiendo mejor 😢",excelente información necesitar entender,NEU,0.11425802111625671,0.45317792892456055,0.43256402015686035
j43HgwYFKfk,UgyqA5EpXnBPn_uH-KB4AaABAg,La cooptación de Walter Mazariegos en la USAC,Quorum,UCE4rsXcgDb6e1-a9iTbWzfg,@RolandoCastroPérez-d7y,UCu8_3-Wg-YzNyvHYQDEscfw,Y por que no manifiestan contra toda esa mafia ante los tribunales?. Se que hay mucha suciedad en la justicia pero se debe hacer algo.,@quorumgt,topic,j43HgwYFKfk_out_comments.csv | quorum_complete_comments.csv | youtube_guatemala_plus_comments.csv,/@RolandoCastroP%C3%A9rez-d7y,hace 1 año,2,0,False,,2.0,Y por que no manifiestan contra toda esa mafia ante los tribunales?. Se que hay mucha suciedad en la justicia pero se debe hacer algo.,manifestar mafia tribunal suciedad justicia,NEG,0.9263225793838501,0.06603564321994781,0.007641726639121771
OkXlHx0hx-8,Ugyr_-OfFbHlc9uWhg94AaABAg,EE.UU. envía a mexicanos deportados a Guatemala antes de su regreso a México | Noticias Telemundo,Noticias Telemundo,UCRwA1NUcUnwsly35ikGhp0A,@susievidal4134,UCIgoiXdIKJyUGmUoH2Lxdzg,Bueno los otros países tampoco queremos criminal es de México que los mandé a su país donde nacieron. Costa Rica lleva años aguantando gente de otros países ya no necesitamos más crimen en nuestro país.,guatemala noticias,topic,youtube_guatemala_comments.csv | youtube_guatemala_plus_comments.csv,/@susievidal4134,hace 1 día,3,0,False,,3.0,Bueno los otros países tampoco queremos criminal es de México que los mandé a su país donde nacieron. Costa Rica lleva años aguantando gente de otros países ya no necesitamos más crimen en nuestro país.,país criminal méxico mandé país nacer costa rico año aguantar gente país necesitar crimen país,NEG,0.8843997120857239,0.09828220307826996,0.017318127676844597
06mFNPU0aB8,UgysnIFZt6-_f2iGbid4AaABAg,Capturan a presuntos delincuentes disfrazados de mujer señalados de cometer asalto,Noti7,UCVpSRoZgngfSL03Nlbjtq9A,@edithsan7688,UCXN2s7DwTJm33xO-pNkAdaA,Buen trabajo,guatemala noticias,topic,youtube_guatemala_comments.csv | youtube_guatemala_plus_comments.csv,/@edithsan7688,hace 2 semanas, ,0,False,,,Buen trabajo,trabajo,POS,0.08902095258235931,0.4117973744869232,0.4991816580295563
lj983NWyAQY,UgysqnYM0p-_jyWisMJ4AaABAg,Plan 2032 Ciudad de Guatemala,Municipalidad de Guatemala,UCXa6LVjBzUtmcM3cwbd9e2w,@zetag,UCgLrWFdYitoP-b7-PxtUr-w,Quiero vivir en esa Guatemala :v,Municipalidad de Guatemala,topic,lj983NWyAQY_out_comments.csv | youtube_guatemala_plus_comments.csv,/@zetag,hace 7 años,405,3,False,,405.0,Quiero vivir en esa Guatemala :v,querer vivir guatemala v,NEU,0.08986473828554153,0.7469236254692078,0.1632116585969925
j43HgwYFKfk,UgysslM7dkNnQ1JT7Mh4AaABAg,La cooptación de Walter Mazariegos en la USAC,Quorum,UCE4rsXcgDb6e1-a9iTbWzfg,@melvinlopez7096,UCAKuKvcbfnBD3kF5njNu-IA,Excelente información!,@quorumgt,topic,j43HgwYFKfk_out_comments.csv | quorum_complete_comments.csv | youtube_guatemala_plus_comments.csv,/@melvinlopez7096,hace 1 año, ,0,False,,,Excelente información!,excelente información,POS,0.009273580275475979,0.08290109783411026,0.9078252911567688
n8iP75gIpmw,UgyuZ00FMdgmao7sNMx4AaABAg,Qué rico come tu diputado,Quorum,UCE4rsXcgDb6e1-a9iTbWzfg,@JuanDavila-qd7qj,UCFxE8GbokBrBsPEKM1xrOjQ,"Todo muy caro,canasta básica,transporte,y que barbaridad ,no tienen conciencia,cuántos pacientes muriendo por medicinas caras,estos diputados no tendrían que ejercer este cargo,pueblo dormido,este es un gran corrupto,vamos,une,vos, valor , todos corruptos",@quorumgt/videos,channel,quorum_complete_comments.csv | youtube_guatemala_plus_comments.csv,/@JuanDavila-qd7qj,hace 2 años (editado),10,0,False,,10.0,"Todo muy caro,canasta básica,transporte,y que barbaridad ,no tienen conciencia,cuántos pacientes muriendo por medicinas caras,estos diputados no tendrían que ejercer este cargo,pueblo dormido,este es un gran corrupto,vamos,une,vos, valor , todos corruptos",caro canasta básico transporte barbaridad conciencia paciente morir medicina caro diputado tener ejercer cargo pueblo dormido corrupto unir vo valor corrupto,NEG,0.9742350578308105,0.02180136926472187,0.0039635333232581615
n8iP75gIpmw,Ugyuk_4Gq9tbJjGZVRl4AaABAg,Qué rico come tu diputado,Quorum,UCE4rsXcgDb6e1-a9iTbWzfg,@andyB5280,UCh5ESQvtzyHDhCA7XyekCFA,"Y las cosas no cambian, ellos siguen haciendo pobrecitos cómo sufren, mientras jenye de muere por la compra de medicamentos y no tienen para comprarla .",@quorumgt/videos,channel,quorum_complete_comments.csv | youtube_guatemala_plus_comments.csv,/@andyB5280,hace 2 años,3,0,False,,3.0,"Y las cosas no cambian, ellos siguen haciendo pobrecitos cómo sufren, mientras jenye de muere por la compra de medicamentos y no tienen para comprarla .",cosa cambiar seguir pobrecito sufrir jenye muere compra medicamento comprar él,NEG,0.9722921252250671,0.02410295233130455,0.003604915924370289
is3Mk5oC19g,UgyvMO5z1LjtvyRIIxd4AaABAg,Capturan a ladrón que había quedado grabado mientras robaba en una parroquia de Retalhuleu,TN23 Guatemala,UCt5Dw7ePnn0AqPqRF8Xpjkw,@lazarobarillas3575,UCk4O-J1BhoqPmig1KLGJePA,Claro....hechor y consentidor pena por igual😮😮😮😮😮😮😮,guatemala noticias,topic,youtube_guatemala_comments.csv | youtube_guatemala_plus_comments.csv,/@lazarobarillas3575,hace 1 día, ,0,False,,,Claro....hechor y consentidor pena por igual😮😮😮😮😮😮😮,hechor consentidor pena,NEG,0.5704172253608704,0.4039134085178375,0.025669408962130547
j43HgwYFKfk,UgyvSxtnuw9xRiNU5tl4AaABAg,La cooptación de Walter Mazariegos en la USAC,Quorum,UCE4rsXcgDb6e1-a9iTbWzfg,@AnaDiaz-re9sq,UCUoYsrx1oZnCZ0usbBJn4fA,"Ese Luis Cordón, si que es valiente el resto de consejeros son lame botas",@quorumgt/videos,channel,quorum_complete_comments.csv | youtube_guatemala_plus_comments.csv,/@AnaDiaz-re9sq,hace 1 año,1,0,False,,1.0,"Ese Luis Cordón, si que es valiente el resto de consejeros son lame botas",luis cordón valiente resto consejero lamer bota,NEG,0.9324462413787842,0.04015929251909256,0.02739442139863968
b_Hkrkl3adA,UgyxvyPVCur3jgc_1mx4AaABAg,Bloqueos en Guatemala este 31 de agosto por alza en combustibles afectan rutas principales,PrensaLibreOficial,UCEepOY2svuxbsJ-zsAPT9Fg,@Hernandez-i1o,UCHu8x4MVkayU6VgwVKd--MQ,Asquerosos dilicuentes empresas del belzebu y Buda asqueroso gobierno chueco del Don Arévalo nada hace por la población Guatemalteca y los asquerosas y asquerosos diputados del congreso de la república,guatemala noticias,topic,debug_comments_fixed2_comments.csv | youtube_guatemala_comments.csv | youtube_guatemala_plus_comments.csv,/@Hernandez-i1o,hace 7 horas,1,0,False,,1.0,Asquerosos dilicuentes empresas del belzebu y Buda asqueroso gobierno chueco del Don Arévalo nada hace por la población Guatemalteca y los asquerosas y asquerosos diputados del congreso de la república,asqueroso dilicuent empresa belzebu budo asqueroso gobierno chueco don arévalo población guatemalteco asquerosa asqueroso diputado congreso república,NEG,0.9741942882537842,0.019862569868564606,0.005943152587860823
n8iP75gIpmw,UgyypM6Ts6Ut_EuFcdN4AaABAg,Qué rico come tu diputado,Quorum,UCE4rsXcgDb6e1-a9iTbWzfg,@simoncreyesc7579,UC-jS_kA9w-OmpupXDx156Rg,Y pueblo muriéndose del ambre ve hijos de su mera madre,@quorumgt/videos,channel,quorum_complete_comments.csv | youtube_guatemala_plus_comments.csv,/@simoncreyesc7579,hace 2 años,2,0,False,,2.0,Y pueblo muriéndose del ambre ve hijos de su mera madre,pueblo morir él ambre ver hijo mero madre,NEG,0.9705045819282532,0.02247428335249424,0.007021124474704266
n8iP75gIpmw,Ugyyx5lXrgFXsraCIMh4AaABAg,Qué rico come tu diputado,Quorum,UCE4rsXcgDb6e1-a9iTbWzfg,@ErvinLeonardoCarreraLatín,UC9vMq1YF-e7C-VO0SHkbUTA,P..   si tengo hambre que le quitó un pedazo de ferrocarril mi...,@quorumgt/videos,channel,quorum_complete_comments.csv | youtube_guatemala_plus_comments.csv,/@ErvinLeonardoCarreraLat%C3%ADn,hace 2 años, ,0,False,,,P..   si tengo hambre que le quitó un pedazo de ferrocarril mi...,p hambre quitar pedazo ferrocarril,NEG,0.6754616498947144,0.3127695322036743,0.011768810451030731
yLZS3JiEBg8,UgyzKNq94Z4Y2GSth514AaABAg,Arroz con pollo a la MONOPOLIO,Quorum,UCE4rsXcgDb6e1-a9iTbWzfg,@sparkvalkov,UChT7pzGytNd92Nmvi-zuWog,vine del instagram!,@quorumgt/videos,channel,quorum_complete_comments.csv | youtube_guatemala_plus_comments.csv,/@sparkvalkov,hace 2 años,1,0,False,,1.0,vine del instagram!,venir instagram,NEU,0.07674255222082138,0.6075900197029114,0.31566742062568665
n8iP75gIpmw,Ugyzgy-Lqlq6CTb4GPB4AaABAg,Qué rico come tu diputado,Quorum,UCE4rsXcgDb6e1-a9iTbWzfg,@OdilioRodríguez-c5w,UChZknRmJkeGeQk0-mQuhDOg,Y porqué no lo hacen  en lugares más sencillos pero como todos estos son iguales solo piensan en hartarse bien por eso salen como Rodriguez arzu  a costillas del pueblo,@quorumgt/videos,channel,quorum_complete_comments.csv | youtube_guatemala_plus_comments.csv,/@OdilioRodr%C3%ADguez-c5w,hace 2 años,1,0,False,,1.0,Y porqué no lo hacen  en lugares más sencillos pero como todos estos son iguales solo piensan en hartarse bien por eso salen como Rodriguez arzu  a costillas del pueblo,porqué lugar sencillo igual pensar hartar él salir rodriguez arzu costilla pueblo,NEG,0.9356860518455505,0.056392472237348557,0.00792144238948822
WIUZtitfLRw,UgyzzIxBoO0_7kX1EWJ4AaABAg,Caminar en una ciudad hecha para carros,Quorum,UCE4rsXcgDb6e1-a9iTbWzfg,@nicelol5241,UCOARn3hnfkB7-_Rwa8Hoqcw,"Muy cierto, mi mamá en este momento esta incapacitada de una pierna y hemos vivido lo que es caminar en aceras altas, ineptas, absurdamente pequeñas y además dañadas.",@quorumgt/videos,channel,quorum_complete_comments.csv | youtube_guatemala_plus_comments.csv,/@nicelol5241,hace 1 año, ,0,False,,,"Muy cierto, mi mamá en este momento esta incapacitada de una pierna y hemos vivido lo que es caminar en aceras altas, ineptas, absurdamente pequeñas y además dañadas.",mamá momento incapacitado pierna vivir caminar acera alto inepta absurdamente pequeño dañado,NEG,0.9826697111129761,0.014484310522675514,0.0028459893073886633
b_Hkrkl3adA,Ugz-XNtfLx0lzcoHUXN4AaABAg,Bloqueos en Guatemala este 31 de agosto por alza en combustibles afectan rutas principales,PrensaLibreOficial,UCEepOY2svuxbsJ-zsAPT9Fg,@ManuelSanchez-b8q2z,UC9Wp6vL5oCU37qC3Aj94WZA,"Que comando mierd@ mejor de todas maneras tenemos que seguir trabajando, más gasto cuando ellos tapan.",guatemala noticias,topic,debug_comments_fixed2_comments.csv | youtube_guatemala_comments.csv | youtube_guatemala_plus_comments.csv,/@ManuelSanchez-b8q2z,hace 3 horas, ,0,False,,,"Que comando mierd@ mejor de todas maneras tenemos que seguir trabajando, más gasto cuando ellos tapan.",comando mierd manera seguir trabajar gasto tapar,NEG,0.9600172638893127,0.029187535867094994,0.010795188136398792
06mFNPU0aB8,Ugz158DoUO_zyZlglG14AaABAg,Capturan a presuntos delincuentes disfrazados de mujer señalados de cometer asalto,Noti7,UCVpSRoZgngfSL03Nlbjtq9A,@carlitosramirez4739,UCIXLDYqR_syskKRJy_x9W9Q,Inglés,guatemala noticias,topic,youtube_guatemala_comments.csv | youtube_guatemala_plus_comments.csv,/@carlitosramirez4739,hace 2 semanas, ,0,False,,,Inglés,inglés,NEU,0.3435363471508026,0.5069615244865417,0.14950215816497803
n8iP75gIpmw,Ugz1TFgP101cP3SQAW94AaABAg,Qué rico come tu diputado,Quorum,UCE4rsXcgDb6e1-a9iTbWzfg,@belarminavillatoro6474,UCYN4wSQ1Sx4_LurxLlW7MPg,"Esas no son cosas minuciosas como dice el diputado Nery Rodas ya todos los diputados saben que les dieron orden de no gastar el dinero del pueblo para almuerzos de diputados y el w que quiere que  no nos digan nada porque son cosas como que no vale nada contarlo,si gastaron ese dinero que se los cobren a los diputados,están viendo qué hay personas muriendo de hambre y ellos bien Gracias dándose la gran vida que lo paguen con su sueldo que para eso ganan bien sin vergüenzas vividores,pues que lo paguen para ustedes es poco dos mil quetzales pero para nosotros los pobres es mucho dinero no importa que sea menor gasto pero entiendan que ya no,y si ustedes trabajan que sea en horas adecuadas y no en horas de comidas,y si usted dice que es muy poco el dinero entonces renuncien y busquen otro trabajo porque hay sueldos que ganan el mínimo y de ahí tienen que pagar todo imagínese señor por favor?",@quorumgt/videos,channel,quorum_complete_comments.csv | youtube_guatemala_plus_comments.csv,/@belarminavillatoro6474,hace 2 años, ,0,False,,,"Esas no son cosas minuciosas como dice el diputado Nery Rodas ya todos los diputados saben que les dieron orden de no gastar el dinero del pueblo para almuerzos de diputados y el w que quiere que  no nos digan nada porque son cosas como que no vale nada contarlo,si gastaron ese dinero que se los cobren a los diputados,están viendo qué hay personas muriendo de hambre y ellos bien Gracias dándose la gran vida que lo paguen con su sueldo que para eso ganan bien sin vergüenzas vividores,pues que lo paguen para ustedes es poco dos mil quetzales pero para nosotros los pobres es mucho dinero no importa que sea menor gasto pero entiendan que ya no,y si ustedes trabajan que sea en horas adecuadas y no en horas de comidas,y si usted dice que es muy poco el dinero entonces renuncien y busquen otro trabajo porque hay sueldos que ganan el mínimo y de ahí tienen que pagar todo imagínese señor por favor?",cosa minucioso diputado nery roda diputado orden gastar dinero pueblo almuerzo diputado w decir cosa valer contar él gastar dinero cobrir diputado ver persona morir hambre gracias dar él vida pagar sueldo ganar vergüenza vividor pagar mil quetzal pobre dinero importar menor gasto entiendan trabajar hora adecuado hora comida dinero renuncien busquen trabajo sueldo ganar mínimo pagar imagínese señor favor,NEG,0.9564725756645203,0.03817902132868767,0.00534835085272789
yLZS3JiEBg8,Ugz1VUKAy1iuwk_x2jN4AaABAg,Arroz con pollo a la MONOPOLIO,Quorum,UCE4rsXcgDb6e1-a9iTbWzfg,@3762Jorge,UCTTILH6QCIxbTnEWxwRqs1g,La próxima habla de la harina de trigo.,@quorumgt/videos,channel,quorum_complete_comments.csv | youtube_guatemala_plus_comments.csv,/@3762Jorge,hace 2 años, ,0,False,,,La próxima habla de la harina de trigo.,próximo harina trigo,NEU,0.07585091143846512,0.8709690570831299,0.053179964423179626
n8iP75gIpmw,Ugz1kbHjtN-jQUk3sWd4AaABAg,Qué rico come tu diputado,Quorum,UCE4rsXcgDb6e1-a9iTbWzfg,@giovannirodas4836,UC5bG9nc_JV3FsNP2KseQiYw,Nombre.... Tenía razon el loco Taracena!!!!! Los diputados siempre iban a decir q no les alcanza el salario de 25 mil. Y uno von salario mínimo tiene q ver cómo le hace para q le alcance!!! Entonces q busquen otro trabajo!!! Es el colmo plata hay lo q pasa q los políticos como el se lo gastan en hartazon!!!!😡😡😡😡,@quorumgt/videos,channel,quorum_complete_comments.csv | youtube_guatemala_plus_comments.csv,/@giovannirodas4836,hace 2 años,2,0,False,,2.0,Nombre.... Tenía razon el loco Taracena!!!!! Los diputados siempre iban a decir q no les alcanza el salario de 25 mil. Y uno von salario mínimo tiene q ver cómo le hace para q le alcance!!! Entonces q busquen otro trabajo!!! Es el colmo plata hay lo q pasa q los políticos como el se lo gastan en hartazon!!!!😡😡😡😡,nombre razon loco taracena diputado ir q alcanzar salario mil von salario mínimo q q alcanzar q buscar trabajo colmo plata q pasar q político gastar hartazon,NEG,0.9665881991386414,0.030428584665060043,0.002983221085742116
n8iP75gIpmw,Ugz200h27x5RIAnswQd4AaABAg,Qué rico come tu diputado,Quorum,UCE4rsXcgDb6e1-a9iTbWzfg,@mireyamorales6595,UCKDR0f2fu2UzWL8mBv5-BHw,"PERO ESTOS QUE ESTAN ENTREVISTANDO AL DIPUTADO NERY RODAS PORQUE 
NO LE PREGUNTARON A LA LEGISLATURA ANTERIOR TODOS LOS GASTOS  QUE HHACIAN.
 :face-blue-smiling: ASI ES LA ANTERIOR LEGISLATURA PAGABAN HASTA PORQUE IBAN AL BAÑO.
SR. RODAS..DEJE A ESTOS QUE LO ESTAN ENTREVISTANDO QUE LE PREGUNTEN
A SU MADRE.
LO QUE AFECTO EN GRANDE EL PAIS,ESOS ROBOS DE  jimmy morales / giammattei.
ALEGANDO POR UNA FACTURA DE Q.2,OOO. O,  MENOS.
  👁giammattei  ROBO MILLONES DE MILLONES Y ESTOS CORRUPTOS ENTREVISTADORES hablando de desnutricion ???  pregunten a giammattei,vive en
el pais todavia...vayan a buscarlo.
JAMAS LE HIZIERON NUNCA UNA PREGUNTA ACERCA DE LOS GASTOS QUE HACIA.
👁 toda empresa privada o gubernamental,PAGAN SUS GASTOS PARA LAS REUNIONESS
QUE LES TOCA HACER.
VAYAN A BUSCAR A allan rodriguez por ej...alvaro arzu...esos si son CORRUPTOS.",@quorumgt/videos,channel,quorum_complete_comments.csv | youtube_guatemala_plus_comments.csv,/@mireyamorales6595,hace 2 años, ,0,False,,,"PERO ESTOS QUE ESTAN ENTREVISTANDO AL DIPUTADO NERY RODAS PORQUE 
NO LE PREGUNTARON A LA LEGISLATURA ANTERIOR TODOS LOS GASTOS  QUE HHACIAN.
 :face-blue-smiling: ASI ES LA ANTERIOR LEGISLATURA PAGABAN HASTA PORQUE IBAN AL BAÑO.
SR. RODAS..DEJE A ESTOS QUE LO ESTAN ENTREVISTANDO QUE LE PREGUNTEN
A SU MADRE.
LO QUE AFECTO EN GRANDE EL PAIS,ESOS ROBOS DE  jimmy morales / giammattei.
ALEGANDO POR UNA FACTURA DE Q.2,OOO. O,  MENOS.
  👁giammattei  ROBO MILLONES DE MILLONES Y ESTOS CORRUPTOS ENTREVISTADORES hablando de desnutricion ???  pregunten a giammattei,vive en
el pais todavia...vayan a buscarlo.
JAMAS LE HIZIERON NUNCA UNA PREGUNTA ACERCA DE LOS GASTOS QUE HACIA.
👁 toda empresa privada o gubernamental,PAGAN SUS GASTOS PARA LAS REUNIONESS
QUE LES TOCA HACER.
VAYAN A BUSCAR A allan rodriguez por ej...alvaro arzu...esos si son CORRUPTOS.",entrevistar diputado nery roda preguntar legislatura gasto hhaciar face blue smiling legislatura pagar ir baño sr roda deje entrevistar preguntir madre afectar pais robo jimmy moral giammattei alegar factura q ooo giammattei robo millón millón corrupto entrevistador hablar desnutricion preguntar giammattei vivir pais ir buscar él jama hizeír pregunta acerca gasto empresa privado gubernamental pagar gasto reunioness tocar ir buscar allan rodriguez ej alvaro arzu corrupto,NEG,0.9390531778335571,0.055985335260629654,0.00496141891926527
PjmxCj-a9Hg,Ugz26waEPWK6VtsenFZ4AaABAg,Conferencia de Prensa del Gobierno de Guatemala. #LaRondaGt,Gobierno de la República de Guatemala,UC-ZtFBHzgkYFh7whZkuR_Ag,@juandeleon9060,UCNIeXbV_mEwpa412h1aqUWw,Dios. Los cria. Y El.....los coruptos. Siempre. Van de la Mano....,@GobiernodeGuatemala,topic,PjmxCj-a9Hg_out_comments.csv | youtube_guatemala_plus_comments.csv,/@juandeleon9060,hace 1 año,1,1,False,,1.0,Dios. Los cria. Y El.....los coruptos. Siempre. Van de la Mano....,dio crio corupto mano,POS,0.06756103783845901,0.39939412474632263,0.5330448746681213
PjmxCj-a9Hg,Ugz26waEPWK6VtsenFZ4AaABAg.ALglV0O_2mtALgq1_mUSB_,Conferencia de Prensa del Gobierno de Guatemala. #LaRondaGt,Gobierno de la República de Guatemala,UC-ZtFBHzgkYFh7whZkuR_Ag,@Luis-gn3fj,UCbYoNG5J3Au5BqtbXogfEFw,Ud y quienes mas😂😂😂😂😂😂😂😂😂😂😂😂😂😂😂😂😂😂,@GobiernodeGuatemala,topic,PjmxCj-a9Hg_out_comments.csv | youtube_guatemala_plus_comments.csv,/@Luis-gn3fj,hace 1 año,1,0,False,,1.0,Ud y quienes mas😂😂😂😂😂😂😂😂😂😂😂😂😂😂😂😂😂😂,ud,NEU,0.21251961588859558,0.7503016591072083,0.03717876225709915
n8iP75gIpmw,Ugz2Y0LOPaJfoV8R01d4AaABAg,Qué rico come tu diputado,Quorum,UCE4rsXcgDb6e1-a9iTbWzfg,@monkchapin,UCl0ekS9Tt0jJGtOEM18S63w,paaajaaaasss,@quorumgt/videos,channel,quorum_complete_comments.csv | youtube_guatemala_plus_comments.csv,/@monkchapin,hace 2 años, ,0,False,,,paaajaaaasss,paaajaaaasss,NEU,0.1846514195203781,0.6434850096702576,0.17186355590820312
PjmxCj-a9Hg,Ugz5OziU6YjREVjZJUZ4AaABAg,Conferencia de Prensa del Gobierno de Guatemala. #LaRondaGt,Gobierno de la República de Guatemala,UC-ZtFBHzgkYFh7whZkuR_Ag,@DennisseLopetegi,UCVQf0tzL7xRzFJsABVVULpg,El estado de Colombia fue el verdugo de Uribe.. cuando sienten q alguien les enfrenta con la verdad se acobardan.. igual pasa con el ejecutivo de Guatemala.. bueno en fin arevalo es compadre de petro.  0igo a este presidente y solo mentiras salen de du bocata..  HDP,@GobiernodeGuatemala,topic,PjmxCj-a9Hg_out_comments.csv | youtube_guatemala_plus_comments.csv,/@DennisseLopetegi,hace 1 año, ,0,False,,,El estado de Colombia fue el verdugo de Uribe.. cuando sienten q alguien les enfrenta con la verdad se acobardan.. igual pasa con el ejecutivo de Guatemala.. bueno en fin arevalo es compadre de petro.  0igo a este presidente y solo mentiras salen de du bocata..  HDP,colombia verdugo uribir sentir q alguien enfrentar acobardir pasar ejecutivo guatemala arevalo compadre petro 0igo presidente mentira salir du bocata hdp,NEG,0.9652060866355896,0.02791430614888668,0.006879699416458607
b_Hkrkl3adA,Ugz6naDsqtHsbONkRBl4AaABAg,Bloqueos en Guatemala este 31 de agosto por alza en combustibles afectan rutas principales,PrensaLibreOficial,UCEepOY2svuxbsJ-zsAPT9Fg,@moisesvaldez4043,UCsUCN0Yq_UyTvKjOJLmNrnQ,Vamos a paralizar todo el pais talvez asi entiende este gibierno medrioque,guatemala noticias,topic,debug_comments_fixed2_comments.csv,/@moisesvaldez4043,hace 49 minutos, ,0,False,,,Vamos a paralizar todo el pais talvez asi entiende este gibierno medrioque,paralizar pais talvez entender gibierno medrioque,NEG,0.7750389575958252,0.20282171666622162,0.022139299660921097
n8iP75gIpmw,Ugz76M4X7jXyiAqAC_d4AaABAg,Qué rico come tu diputado,Quorum,UCE4rsXcgDb6e1-a9iTbWzfg,@IvánPérez-j4j,UCsSXdJct-nsS8DsABoEsaYA,"Pues deberían establecer viáticos cuando los trabajos sean institucionales, eso seria más legal. Ponga una tabla de viáticos, ejemplo: desayuno 60, almuerzo 100, cena 60; hospedaje 150.",@quorumgt/videos,channel,quorum_complete_comments.csv | youtube_guatemala_plus_comments.csv,/@Iv%C3%A1nP%C3%A9rez-j4j,hace 2 años,2,1,False,,2.0,"Pues deberían establecer viáticos cuando los trabajos sean institucionales, eso seria más legal. Ponga una tabla de viáticos, ejemplo: desayuno 60, almuerzo 100, cena 60; hospedaje 150.",deber establecer viático trabajo institucional seriar legal poner tabla viático ejemplo desayuno almuerzo cena hospedaje,NEU,0.046395592391490936,0.8850529789924622,0.0685514509677887
n8iP75gIpmw,Ugz76M4X7jXyiAqAC_d4AaABAg.A7j4tx1RMDbA7oQQlZnZR4,Qué rico come tu diputado,Quorum,UCE4rsXcgDb6e1-a9iTbWzfg,@MariaaliciaColonmorales,UC9xr9QvIcDvoZNUX5f-jaZw,"Es que ellos tienen un rubro para comidas hasta por 10,000quetzales pero ellos principalmente los de junta directiva dijeron que  no tocarían ese dinero que ellos comerían de su bolsillo",@quorumgt/videos,channel,quorum_complete_comments.csv | youtube_guatemala_plus_comments.csv,/@MariaaliciaColonmorales,hace 2 años, ,0,False,,,"Es que ellos tienen un rubro para comidas hasta por 10,000quetzales pero ellos principalmente los de junta directiva dijeron que  no tocarían ese dinero que ellos comerían de su bolsillo",rubro comida 000quetzales principalmente junta directivo tocarir dinero comerir bolsillo,NEG,0.5918245911598206,0.3725621998310089,0.03561321273446083
n8iP75gIpmw,Ugz7WPxTOQEwmZpnx_V4AaABAg,Qué rico come tu diputado,Quorum,UCE4rsXcgDb6e1-a9iTbWzfg,@davidisraelesquitsaquil,UCi1b_TRQfgO1Z9O2gNGGWNA,"Ahora se destapo la CORRUPCION Q EXISTIA Y AHORA SE CONTAMINO despues de ampliacion ahora DEUDAS a la Comunidad Internacional por PRESTAMOS para carreteras, ademas CONCESIONES A AEROPUERTOS, PUERTOS, LAS MISMAS CARRETERAS, todos millonario, EUROBONOS, vender al pais y CANASTA BASICA A Q10,000 todo lo van hacer PERO ESE DINERO QUE OBTENGAN SERA REGALO DEL 👹👹👹 Xq DIOS dara justicia en su momento la JUSTICIA DE DIOS con sus hijitos sera IMPLACABLE y omnipotente🇬🇹🇬🇹🇬🇹🇬🇹",@quorumgt/videos,channel,quorum_complete_comments.csv | youtube_guatemala_plus_comments.csv,/@davidisraelesquitsaquil,hace 2 años, ,0,False,,,"Ahora se destapo la CORRUPCION Q EXISTIA Y AHORA SE CONTAMINO despues de ampliacion ahora DEUDAS a la Comunidad Internacional por PRESTAMOS para carreteras, ademas CONCESIONES A AEROPUERTOS, PUERTOS, LAS MISMAS CARRETERAS, todos millonario, EUROBONOS, vender al pais y CANASTA BASICA A Q10,000 todo lo van hacer PERO ESE DINERO QUE OBTENGAN SERA REGALO DEL 👹👹👹 Xq DIOS dara justicia en su momento la JUSTICIA DE DIOS con sus hijitos sera IMPLACABLE y omnipotente🇬🇹🇬🇹🇬🇹🇬🇹",destapo corrupcion q existia contaminar ampliacion deuda comunidad internacional prestamo carretera concesión aeropuertos puerto carretera millonario eurobono vender pais canasta basico q10 dinero obtengar regalo xq dios dar justicia momento justicia dios hijito implacable omnipotente,NEG,0.8053440451622009,0.18066278100013733,0.013993171975016594
n8iP75gIpmw,Ugz8BbgcucTeHAjfvqJ4AaABAg,Qué rico come tu diputado,Quorum,UCE4rsXcgDb6e1-a9iTbWzfg,@SergioGarcia-z9c,UCpl8rF8uv_8uui-QRvuJaRA,Señores con el salario de este señor almuerzo asta las ocho dela noche y me como un tortrix que vale la pena,@quorumgt/videos,channel,quorum_complete_comments.csv | youtube_guatemala_plus_comments.csv,/@SergioGarcia-z9c,hace 1 año, ,0,False,,,Señores con el salario de este señor almuerzo asta las ocho dela noche y me como un tortrix que vale la pena,señor salario señor almuerzo asta dela noche tortrix valer pena,POS,0.0050700451247394085,0.07851921021938324,0.9164108037948608
j43HgwYFKfk,Ugz8fJcHTKHoEWJPwWt4AaABAg,La cooptación de Walter Mazariegos en la USAC,Quorum,UCE4rsXcgDb6e1-a9iTbWzfg,@EcPerez-zz9oh,UClhMWQ7XKWywYvbRnuf8QsA,"Como sabes que son pajas, si las tienes dwvuelvelas.",@quorumgt/videos,channel,quorum_complete_comments.csv | youtube_guatemala_plus_comments.csv,/@EcPerez-zz9oh,hace 1 año, ,0,False,,,"Como sabes que son pajas, si las tienes dwvuelvelas.",paja tién dwvuelvela,NEU,0.22096474468708038,0.7303748726844788,0.048660360276699066
is3Mk5oC19g,Ugz8hBV9j2KQGtMhPUR4AaABAg,Capturan a ladrón que había quedado grabado mientras robaba en una parroquia de Retalhuleu,TN23 Guatemala,UCt5Dw7ePnn0AqPqRF8Xpjkw,@zoilagarcia9019,UC4kg7zuTfqQKLd2bkZrSYBA,Sinverguenza la ley maya y luego preso.,guatemala noticias,topic,youtube_guatemala_comments.csv | youtube_guatemala_plus_comments.csv,/@zoilagarcia9019,hace 20 horas, ,0,False,,,Sinverguenza la ley maya y luego preso.,sinverguenza ley maya preso,NEG,0.8151358366012573,0.1439971625804901,0.04086698964238167
n8iP75gIpmw,Ugz8pKFUmjVv-zF8lvJ4AaABAg,Qué rico come tu diputado,Quorum,UCE4rsXcgDb6e1-a9iTbWzfg,@welfrealdana5559,UCOLGv5Pf6BF2wFcwUzgcvHg,La única que se filtro el mismo lo dijo son unos muertos de amber todos lis diputados tienen que pagar con su dinero para eso tienen un sueldo  no sean sucios,@quorumgt/videos,channel,quorum_complete_comments.csv | youtube_guatemala_plus_comments.csv,/@welfrealdana5559,hace 2 años, ,0,False,,,La única que se filtro el mismo lo dijo son unos muertos de amber todos lis diputados tienen que pagar con su dinero para eso tienen un sueldo  no sean sucios,único filtro muerto amber li diputado pagar dinero sueldo sucio,NEG,0.9485926628112793,0.043973956257104874,0.007433388382196426
OkXlHx0hx-8,UgzBnKyfiTTp9djPTh54AaABAg,EE.UU. envía a mexicanos deportados a Guatemala antes de su regreso a México | Noticias Telemundo,Noticias Telemundo,UCRwA1NUcUnwsly35ikGhp0A,@RosaMontesdeOca777,UCbNanjFI51cwGqMAb2rOrBw,Fe esperanza oración perseverantes diariamente paz bien verdad amor claridad sabiduría justicia divina ❤😊,guatemala noticias,topic,youtube_guatemala_comments.csv | youtube_guatemala_plus_comments.csv,/@RosaMontesdeOca777,hace 1 día, ,0,False,,,Fe esperanza oración perseverantes diariamente paz bien verdad amor claridad sabiduría justicia divina ❤😊,fe esperanza oración perseverant diariamente paz amor claridad sabiduer justicia divino,POS,0.01028763223439455,0.2186492383480072,0.7710631489753723
n8iP75gIpmw,UgzBpiHQkRpqfeyCDwd4AaABAg,Qué rico come tu diputado,Quorum,UCE4rsXcgDb6e1-a9iTbWzfg,@katerynsantiago2907,UC2weSE8rpqkGMOp6StYtVfg,que verguenza de jente..esto esto lo que logran parir las universidades..y estos corruptos nunca han hecho nada bueno x el pais..lo unico que han hecho es artarse caro a costillas del pueblo...que de aposol...,@quorumgt/videos,channel,quorum_complete_comments.csv | youtube_guatemala_plus_comments.csv,/@katerynsantiago2907,hace 2 años,1,0,False,,1.0,que verguenza de jente..esto esto lo que logran parir las universidades..y estos corruptos nunca han hecho nada bueno x el pais..lo unico que han hecho es artarse caro a costillas del pueblo...que de aposol...,verguenzar jente lograr parir universidad corrupto x pais unico artar él caro costilla pueblo aposol,NEG,0.9797906279563904,0.016021493822336197,0.004187813028693199
lj983NWyAQY,UgzDFSLs4n_6XtQjgjZ4AaABAg,Plan 2032 Ciudad de Guatemala,Municipalidad de Guatemala,UCXa6LVjBzUtmcM3cwbd9e2w,@carlosoliva9249,UCyzf29IYjNw67gGIfsjgtxA,"Impresionante 👏🏻👏🏻 la ciudad de Guatemala siempre ha tenido alcaldes de visión, Arzú siempre quizo ver una ciudad cosmopolita y de gran desarrollo, esperemos eso siga.",Municipalidad de Guatemala,topic,lj983NWyAQY_out_comments.csv | youtube_guatemala_plus_comments.csv,/@carlosoliva9249,hace 7 años,45,0,False,,45.0,"Impresionante 👏🏻👏🏻 la ciudad de Guatemala siempre ha tenido alcaldes de visión, Arzú siempre quizo ver una ciudad cosmopolita y de gran desarrollo, esperemos eso siga.",impresionante ciudad guatemala alcalde visión arzú quizo ciudad cosmopolita desarrollo esperer seguir,POS,0.021901138126850128,0.16303032636642456,0.8150685429573059
PjmxCj-a9Hg,UgzDK8qo7Il1yafNllJ4AaABAg,Conferencia de Prensa del Gobierno de Guatemala. #LaRondaGt,Gobierno de la República de Guatemala,UC-ZtFBHzgkYFh7whZkuR_Ag,@josegil3813,UCzZ6dDCEsLMXbc5pCFXIprw,Adelante Excelentisimo Senor Presidente  Bernardo Arevalo de Leo'n   2028 - 2030.-,@GobiernodeGuatemala,topic,PjmxCj-a9Hg_out_comments.csv | youtube_guatemala_plus_comments.csv,/@josegil3813,hace 1 año, ,0,False,,,Adelante Excelentisimo Senor Presidente  Bernardo Arevalo de Leo'n   2028 - 2030.-,excelentisimo senor presidente bernardo arevalo leo n,POS,0.021606052294373512,0.24579396843910217,0.7326000332832336
lj983NWyAQY,UgzESrzC3abcN60poBF4AaABAg,Plan 2032 Ciudad de Guatemala,Municipalidad de Guatemala,UCXa6LVjBzUtmcM3cwbd9e2w,@alexarcos8349,UCaT6M2zp7X6r6Whd8Vv3kHQ,Me encanta poner un negocio en Guatemala en un futuro no muy lejano.,Municipalidad de Guatemala,topic,lj983NWyAQY_out_comments.csv | youtube_guatemala_plus_comments.csv,/@alexarcos8349,hace 5 años,1,0,False,,1.0,Me encanta poner un negocio en Guatemala en un futuro no muy lejano.,encantar negocio guatemala futuro lejano,POS,0.0053196195513010025,0.13839513063430786,0.8562851548194885
n8iP75gIpmw,UgzFOdujc0-cy9W1Uv14AaABAg,Qué rico come tu diputado,Quorum,UCE4rsXcgDb6e1-a9iTbWzfg,@marisosa7832,UC3NMzdMYryaw82kPTnsaljg,Mientras los Guatemaltecos  muriendo de hambre,@quorumgt/videos,channel,quorum_complete_comments.csv | youtube_guatemala_plus_comments.csv,/@marisosa7832,hace 2 años, ,0,False,,,Mientras los Guatemaltecos  muriendo de hambre,guatemalteco morir hambre,NEG,0.8943498134613037,0.09233126789331436,0.013318897224962711
n8iP75gIpmw,UgzGYzecKVZyDzajKPV4AaABAg,Qué rico come tu diputado,Quorum,UCE4rsXcgDb6e1-a9iTbWzfg,@guillermogonzalez5153,UCLggDc_a5HriXv7I1h02sOA,"Cuando comen  puyaso,,,,,,y un niño  del campo come tortilla con sal  ,,,que es lo relevante  ,,,??",@quorumgt/videos,channel,quorum_complete_comments.csv | youtube_guatemala_plus_comments.csv,/@guillermogonzalez5153,hace 2 años,4,0,False,,4.0,"Cuando comen  puyaso,,,,,,y un niño  del campo come tortilla con sal  ,,,que es lo relevante  ,,,??",comar puyaso niño campo comar tortilla sal relevante,NEG,0.7855478525161743,0.2007090151309967,0.013743110932409763
n8iP75gIpmw,UgzH_SOr2gGO_dDna5J4AaABAg,Qué rico come tu diputado,Quorum,UCE4rsXcgDb6e1-a9iTbWzfg,@FranciscoRivera-sf7ne,UCSou6a2OuYGSvPjm5psquyA,Qué descaro de ese vividor,@quorumgt/videos,channel,quorum_complete_comments.csv | youtube_guatemala_plus_comments.csv,/@FranciscoRivera-sf7ne,hace 2 años, ,0,False,,,Qué descaro de ese vividor,descaro vividor,NEG,0.9397652745246887,0.040338583290576935,0.019896231591701508
PjmxCj-a9Hg,UgzJ85lM1ogkB4KOk2d4AaABAg,Conferencia de Prensa del Gobierno de Guatemala. #LaRondaGt,Gobierno de la República de Guatemala,UC-ZtFBHzgkYFh7whZkuR_Ag,@aureliomaldonado4793,UCtNyHmRZtvGF2hSvI2dUBWw,Este presidente pendejo no va aser nada si no van a tapar baches menos van a avanzar en otras cosas ya están igual a México con la mañanera y no asen nada solo son abla mierda,@GobiernodeGuatemala,topic,PjmxCj-a9Hg_out_comments.csv | youtube_guatemala_plus_comments.csv,/@aureliomaldonado4793,hace 1 año, ,0,False,,,Este presidente pendejo no va aser nada si no van a tapar baches menos van a avanzar en otras cosas ya están igual a México con la mañanera y no asen nada solo son abla mierda,presidente pendejo aser tapar bache avanzar cosa méxico mañanera ar abla mierdo,NEG,0.9791271090507507,0.016223320737481117,0.00464961351826787
lj983NWyAQY,UgzKcy6Zr6Ele2EAo6J4AaABAg,Plan 2032 Ciudad de Guatemala,Municipalidad de Guatemala,UCXa6LVjBzUtmcM3cwbd9e2w,@samuelaguilar529,UCGqKxQS-z3NZzZF-2w338AA,"Me encantaría vivir por un tiempo en Guatemala.
Saludos desde México. :)",Municipalidad de Guatemala,topic,lj983NWyAQY_out_comments.csv | youtube_guatemala_plus_comments.csv,/@samuelaguilar529,hace 7 años,211,3,False,,211.0,"Me encantaría vivir por un tiempo en Guatemala.
Saludos desde México. :)",encantar vivir tiempo guatemala saludo méxico,POS,0.0055860839784145355,0.08799678087234497,0.9064171314239502
yLZS3JiEBg8,UgzL_lyzP1gwPdnVQ3Z4AaABAg,Arroz con pollo a la MONOPOLIO,Quorum,UCE4rsXcgDb6e1-a9iTbWzfg,@JBFlute92,UCXO1BBohNWXkK9SBDAG2ySg,Excelente trabajo !!,@quorumgt/videos,channel,quorum_complete_comments.csv | youtube_guatemala_plus_comments.csv,/@JBFlute92,hace 2 años, ,0,False,,,Excelente trabajo !!,excelente trabajo,POS,0.006141846999526024,0.04351874068379402,0.9503394365310669
6W4u8sGEnGM,UgzMXsCXt9Lh-tk3fZd4AaABAg,Inician los trabajos de recuperación del Puente Belice II.,Gobierno de la República de Guatemala,UC-ZtFBHzgkYFh7whZkuR_Ag,@maydamorales4395,UChyps3dqY-VY1_wLeq-2lhw,"Despues de tanta corrpcion y desfalco por los anteriores gobiernos ladrones que esperaba Rolando? ahora si se puede ver que los fondos de nuestros impuestos se estan usando en lo que deberian de haberse usado hace 40 anios, es muy bueno ver que al fin hay un presidente que esta trabajando no sentado atras de un escritorio llenandose las bolsas!",Gobierno de la República de Guatemala,topic,youtube_guatemala_plus_comments.csv | youtube_lab_targets_small_comments.csv,/@maydamorales4395,hace 6 días,14,1,False,,14.0,"Despues de tanta corrpcion y desfalco por los anteriores gobiernos ladrones que esperaba Rolando? ahora si se puede ver que los fondos de nuestros impuestos se estan usando en lo que deberian de haberse usado hace 40 anios, es muy bueno ver que al fin hay un presidente que esta trabajando no sentado atras de un escritorio llenandose las bolsas!",tanto corrpcion desfalco anterior gobierno ladrón esperar rolar fondo impuesto usar deberiar haber él usar anio presidente trabajar sentar escritorio llenar él bolsa,POS,0.2558475732803345,0.27108100056648254,0.47307145595550537
6W4u8sGEnGM,UgzMXsCXt9Lh-tk3fZd4AaABAg.A_zGMKwFBhPA_zWhjiGKb7,Inician los trabajos de recuperación del Puente Belice II.,Gobierno de la República de Guatemala,UC-ZtFBHzgkYFh7whZkuR_Ag,@Murmullodelbarrio,UCyJhqmMbsvjpoarBBStA2kg,"Esoooooo 
Así mero es",Gobierno de la República de Guatemala,topic,youtube_guatemala_plus_comments.csv | youtube_lab_targets_small_comments.csv,/@Murmullodelbarrio,hace 6 días,1,0,False,,1.0,"Esoooooo 
Así mero es",esoooooo mero,POS,0.018685534596443176,0.15930259227752686,0.8220118880271912
n8iP75gIpmw,UgzM_dw7xZDkJJ8eYQ94AaABAg,Qué rico come tu diputado,Quorum,UCE4rsXcgDb6e1-a9iTbWzfg,@Rogergh-nw4oj,UCXgr7vXlRrsaskPdo097kGA,asi o mas envelequero...,@quorumgt/videos,channel,quorum_complete_comments.csv | youtube_guatemala_plus_comments.csv,/@Rogergh-nw4oj,hace 2 años, ,0,False,,,asi o mas envelequero...,envelequero,NEG,0.6588800549507141,0.30907905101776123,0.032040856778621674
n8iP75gIpmw,UgzMppllQcjsXkBLgiZ4AaABAg,Qué rico come tu diputado,Quorum,UCE4rsXcgDb6e1-a9iTbWzfg,@Jel.Awesh.M,UCylqlpsh8ENNM1LqgQ1KbxA,Y eso es a lo que sale a luz ¿qué más  nos esconderán?,@quorumgt/videos,channel,quorum_complete_comments.csv | youtube_guatemala_plus_comments.csv,/@Jel.Awesh.M,hace 1 año, ,0,False,,,Y eso es a lo que sale a luz ¿qué más  nos esconderán?,salir luz esconder,NEG,0.8680899143218994,0.1212024837732315,0.010707646608352661
n8iP75gIpmw,UgzOB-KAGGElQGAPxEZ4AaABAg,Qué rico come tu diputado,Quorum,UCE4rsXcgDb6e1-a9iTbWzfg,@aluxdel4792,UC4cXueR2bKGFJV0Fk76gwmA,"Por qué hay 160 diPUTAdos ? Máximo deberían ser 80 diPUTAdos , hambrientos porque saben que el pueblo paga y hasta da propina. Y mientras tanto en el corredor seco la gente se está muriendo de hambre",@quorumgt/videos,channel,quorum_complete_comments.csv | youtube_guatemala_plus_comments.csv,/@aluxdel4792,hace 1 año, ,0,False,,,"Por qué hay 160 diPUTAdos ? Máximo deberían ser 80 diPUTAdos , hambrientos porque saben que el pueblo paga y hasta da propina. Y mientras tanto en el corredor seco la gente se está muriendo de hambre",diputado máximo deber diputado hambriento pueblo pagar propina corredor seco gente morir hambre,NEG,0.9705830812454224,0.025960320606827736,0.0034566663671284914
n8iP75gIpmw,UgzOGr7KGQ9pa-CJdgN4AaABAg,Qué rico come tu diputado,Quorum,UCE4rsXcgDb6e1-a9iTbWzfg,@LE_A22,UCNBnKqWf4d-rS4HwJRQljmQ,"Ósea que por ser diputados TIENEN QUE TENER PRIVILEGIOS A HUEVOS?  25 mil al mes más dietas,mocos etc. pero hablemos de 25 mil,ese ese el salario de 5 ó 6 meses de un ciudadano de a pie… y no tiene carro comida,tel etc gratis como estas ratas,y entre esos diputados los de la junta,los jefes de bloque son los más chuchos,pero quiere justificar todo como que fuese un derecho  y ellos fuesen reyes del país",@quorumgt/videos,channel,quorum_complete_comments.csv | youtube_guatemala_plus_comments.csv,/@LE_A22,hace 2 años, ,0,False,,,"Ósea que por ser diputados TIENEN QUE TENER PRIVILEGIOS A HUEVOS?  25 mil al mes más dietas,mocos etc. pero hablemos de 25 mil,ese ese el salario de 5 ó 6 meses de un ciudadano de a pie… y no tiene carro comida,tel etc gratis como estas ratas,y entre esos diputados los de la junta,los jefes de bloque son los más chuchos,pero quiere justificar todo como que fuese un derecho  y ellos fuesen reyes del país",ósear diputado privilegio huevo mil mes dieta moco etc hablar mil salario ó mes ciudadano pie carro comida tel etc gratis rata diputado junta jefe bloque chucho justificar ser derecho ser rey país,NEG,0.9248945116996765,0.06898102164268494,0.006124551873654127
n8iP75gIpmw,UgzOYjc2Ii04ZArW7vF4AaABAg,Qué rico come tu diputado,Quorum,UCE4rsXcgDb6e1-a9iTbWzfg,@mariorodas593,UCmvOgzmmXbjUthHy-WJ52hQ,Eso del ferrogaril nunca se va a realisar.,@quorumgt/videos,channel,quorum_complete_comments.csv | youtube_guatemala_plus_comments.csv,/@mariorodas593,hace 2 años,1,0,False,,1.0,Eso del ferrogaril nunca se va a realisar.,ferrogaril realisar,NEG,0.7932339906692505,0.19191280007362366,0.014853282831609249
s0eco-BofOs,UgzOeIbOqa0dhaWyj_B4AaABAg,¿Quiénes pagan más en Centroamérica?,Quorum,UCE4rsXcgDb6e1-a9iTbWzfg,@jahirdiaz5862,UC6xI_MOaxajIWpoP8BH6E_Q,wooow,@quorumgt/videos,channel,quorum_complete_comments.csv | youtube_guatemala_plus_comments.csv,/@jahirdiaz5862,hace 1 año, ,0,False,,,wooow,wooow,POS,0.03428969532251358,0.21356482803821564,0.7521454095840454
lj983NWyAQY,UgzPExq20lnf7-8d7_p4AaABAg,Plan 2032 Ciudad de Guatemala,Municipalidad de Guatemala,UCXa6LVjBzUtmcM3cwbd9e2w,@mynorgudiel8646,UCtMBF_1O2jY2INlb_luuB_A,Que Bonita ciudad mi Guatemala como te extraño algún día regresaremos saludos a todos los paisanos que estamos en el extranjero,Municipalidad de Guatemala,topic,lj983NWyAQY_out_comments.csv | youtube_guatemala_plus_comments.csv,/@mynorgudiel8646,hace 7 años,15,0,False,,15.0,Que Bonita ciudad mi Guatemala como te extraño algún día regresaremos saludos a todos los paisanos que estamos en el extranjero,bonitir ciudad guatemala extraño regresarer saludo paisano extranjero,POS,0.08729837089776993,0.2081691026687622,0.7045324444770813
OkXlHx0hx-8,UgzQTWwjC_XVPUNxuXp4AaABAg,EE.UU. envía a mexicanos deportados a Guatemala antes de su regreso a México | Noticias Telemundo,Noticias Telemundo,UCRwA1NUcUnwsly35ikGhp0A,@flornolberto2425,UCrqXyRsg-_hTosURZ-uvoKg,Que desgraciados sin Corazón y porque mandarlos a un pais del que no pertenesen ???? Si los  deportan por lo menos deverian de hacerlo al pais que pertenesen haci la familia puede verlos y ver sus nesecidad.,guatemala noticias,topic,youtube_guatemala_comments.csv | youtube_guatemala_plus_comments.csv,/@flornolberto2425,hace 1 día, ,0,False,,,Que desgraciados sin Corazón y porque mandarlos a un pais del que no pertenesen ???? Si los  deportan por lo menos deverian de hacerlo al pais que pertenesen haci la familia puede verlos y ver sus nesecidad.,desgraciado corazón mandarlo pais pertenesen deportar deveriar pais pertenesar haci familia ver él nesecidad,NEG,0.9549195170402527,0.03864683210849762,0.0064336624927818775
OkXlHx0hx-8,UgzRlz8OqalaHh8EnUl4AaABAg,EE.UU. envía a mexicanos deportados a Guatemala antes de su regreso a México | Noticias Telemundo,Noticias Telemundo,UCRwA1NUcUnwsly35ikGhp0A,@pasionpornada,UCGZMgmM92E3njyXNe9-kjAQ,""" Ayudanos a luchar contra el racismo y los malos tratos; vete de regreso a tu pais""
                                              Someone.",guatemala noticias,topic,youtube_guatemala_comments.csv | youtube_guatemala_plus_comments.csv,/@pasionpornada,hace 1 día (editado),2,1,False,,2.0,""" Ayudanos a luchar contra el racismo y los malos tratos; vete de regreso a tu pais""
                                              Someone.",ayuda yo luchar racismo malo trato vetir regreso pais someonir,NEU,0.26823514699935913,0.494384765625,0.2373800277709961
OkXlHx0hx-8,UgzRlz8OqalaHh8EnUl4AaABAg.Aa9hqaKl_ywAaB_OUjpKKh,EE.UU. envía a mexicanos deportados a Guatemala antes de su regreso a México | Noticias Telemundo,Noticias Telemundo,UCRwA1NUcUnwsly35ikGhp0A,@eugeneramirez4405,UCi2KiZq63sRq8Mfbcp-MelQ,"It ghe LAW 
You don't make your own rules!",guatemala noticias,topic,youtube_guatemala_comments.csv | youtube_guatemala_plus_comments.csv,/@eugeneramirez4405,hace 20 horas, ,0,False,,,"It ghe LAW 
You don't make your own rules!",it ghe law you don t make your own rul,NEG,0.6987632513046265,0.22484137117862701,0.07639539986848831
yLZS3JiEBg8,UgzRyWsi9Ed1wsXKgwd4AaABAg,Arroz con pollo a la MONOPOLIO,Quorum,UCE4rsXcgDb6e1-a9iTbWzfg,@franciscorodas9686,UCOY3XpD9qMCRSA8AA8c4CAw,Muy buena explicación para entender los carteles y la necesidad de una Ley de Competencia. Felicitaciones.,@quorumgt/videos,channel,quorum_complete_comments.csv | youtube_guatemala_plus_comments.csv,/@franciscorodas9686,hace 2 años,1,0,False,,1.0,Muy buena explicación para entender los carteles y la necesidad de una Ley de Competencia. Felicitaciones.,explicación entender cartel necesidad ley competencia felicitación,POS,0.007759062573313713,0.047059815376996994,0.945181131362915
is3Mk5oC19g,UgzSjpcAY2zvJ6i-poh4AaABAg,Capturan a ladrón que había quedado grabado mientras robaba en una parroquia de Retalhuleu,TN23 Guatemala,UCt5Dw7ePnn0AqPqRF8Xpjkw,@Williams-Garcia67E,UCfRqgt2O-vjzUDMZY_tnxQw,Robando en una iglesia eso es un gran pecado,guatemala noticias,topic,youtube_guatemala_comments.csv | youtube_guatemala_plus_comments.csv,/@Williams-Garcia67E,hace 23 horas, ,0,False,,,Robando en una iglesia eso es un gran pecado,robar iglesia pecado,NEG,0.7439435720443726,0.22535808384418488,0.030698293820023537
n8iP75gIpmw,UgzSu6dFpC7PrEYl7AF4AaABAg,Qué rico come tu diputado,Quorum,UCE4rsXcgDb6e1-a9iTbWzfg,@ErvinLeonardoCarreraLatín,UC9vMq1YF-e7C-VO0SHkbUTA,Este señor le vale cuánto es el valor del almuerzo de un pobre y cuánto gana la población  más pobre,@quorumgt/videos,channel,quorum_complete_comments.csv | youtube_guatemala_plus_comments.csv,/@ErvinLeonardoCarreraLat%C3%ADn,hace 2 años, ,0,False,,,Este señor le vale cuánto es el valor del almuerzo de un pobre y cuánto gana la población  más pobre,señor valer valor almuerzo pobre ganar población pobre,NEG,0.9328250885009766,0.06085149943828583,0.006323398090898991
6W4u8sGEnGM,UgzT_1dx4pvgJTFMsnZ4AaABAg,Inician los trabajos de recuperación del Puente Belice II.,Gobierno de la República de Guatemala,UC-ZtFBHzgkYFh7whZkuR_Ag,@robertoescobar5507,UCp29O_C7cchZV8IxV7Crdag,"Parafraseando a Bukele, cuando no hay hueveo el pisto alcanza.",Gobierno de la República de Guatemala,topic,youtube_guatemala_plus_comments.csv | youtube_lab_targets_small_comments.csv,/@robertoescobar5507,hace 5 días (editado), ,0,False,,,"Parafraseando a Bukele, cuando no hay hueveo el pisto alcanza.",parafrasear bukele hueveo pisto alcanzar,NEU,0.23061290383338928,0.6183149814605713,0.15107205510139465
n8iP75gIpmw,UgzTqBd3og9IPuVu3o94AaABAg,Qué rico come tu diputado,Quorum,UCE4rsXcgDb6e1-a9iTbWzfg,@josecarrera9623,UCrJn_rbo_ENAdeqneS-RmRw,se be q ese neri rodas kiere seguir comiendo acostillas de los pobres de guatemala verguenza no conose,@quorumgt/videos,channel,quorum_complete_comments.csv | youtube_guatemala_plus_comments.csv,/@josecarrera9623,hace 2 años,1,0,False,,1.0,se be q ese neri rodas kiere seguir comiendo acostillas de los pobres de guatemala verguenza no conose,bir q neri roda kierir seguir comer acostilla pobre guatemala verguenzar cono él,NEG,0.9419182538986206,0.05021068826317787,0.007871079258620739
ndAZjHqzzT8,UgzU2eLo006-Cz6rYLZ4AaABAg,Internet: escoger el menos malo,Quorum,UCE4rsXcgDb6e1-a9iTbWzfg,@2jose82,UCjJf-AJKRFFWtiN-CSwkDmA,En Tigo tienen una práctica que se llama falla programada y como lo dice el nombre lo hacen para obligar a los a clientes a migrar a nuevos servicios que seguramente podrían llegar a ser más caros o para que paguen x adelantado en el caso del internet residencial sin contrato,@quorumgt/videos,channel,quorum_complete_comments.csv | youtube_guatemala_plus_comments.csv,/@2jose82,hace 1 año, ,0,False,,,En Tigo tienen una práctica que se llama falla programada y como lo dice el nombre lo hacen para obligar a los a clientes a migrar a nuevos servicios que seguramente podrían llegar a ser más caros o para que paguen x adelantado en el caso del internet residencial sin contrato,tigo práctica llamar falla programado nombre obligar cliente migrar servicio seguramente llegar caro pagar x adelantado caso internet residencial contrato,NEG,0.8759533762931824,0.12041770666837692,0.0036288301926106215
is3Mk5oC19g,UgzVRaRar_M-cPPi92x4AaABAg,Capturan a ladrón que había quedado grabado mientras robaba en una parroquia de Retalhuleu,TN23 Guatemala,UCt5Dw7ePnn0AqPqRF8Xpjkw,@alexmonzon4257,UCBtB5dIyx-C16UN8ClUD2UA,Parece hijo del policia que esta a su lado...,guatemala noticias,topic,youtube_guatemala_comments.csv | youtube_guatemala_plus_comments.csv,/@alexmonzon4257,hace 17 horas, ,0,False,,,Parece hijo del policia que esta a su lado...,hijo policia,NEG,0.5962641835212708,0.35931360721588135,0.04442215710878372
n8iP75gIpmw,UgzVSZ19e2Cc28bFi-94AaABAg,Qué rico come tu diputado,Quorum,UCE4rsXcgDb6e1-a9iTbWzfg,@luisletona2842,UCDUffaruH6dyUnUGwsTKpgg,Pobrecito dipucaco,@quorumgt/videos,channel,quorum_complete_comments.csv | youtube_guatemala_plus_comments.csv,/@luisletona2842,hace 2 años,2,0,False,,2.0,Pobrecito dipucaco,pobrecito dipucaco,NEG,0.8573841452598572,0.0875324085354805,0.05508347600698471
6W4u8sGEnGM,UgzVsPOuFAogocL8wKB4AaABAg,Inician los trabajos de recuperación del Puente Belice II.,Gobierno de la República de Guatemala,UC-ZtFBHzgkYFh7whZkuR_Ag,@pattyfigueroa5609,UCgGqw4aqMdMVSGkKiMgrJRQ,Interesante 😊 de haya cosas buenas en el país de guatemala.con el puente Belice dos.,Gobierno de la República de Guatemala,topic,youtube_guatemala_plus_comments.csv | youtube_lab_targets_small_comments.csv,/@pattyfigueroa5609,hace 4 días, ,0,False,,,Interesante 😊 de haya cosas buenas en el país de guatemala.con el puente Belice dos.,interesante cosa país guatemala puente belice,POS,0.00562391197308898,0.11763190478086472,0.8767442107200623
j43HgwYFKfk,UgzWNBqTQMz8ba4pbUd4AaABAg,La cooptación de Walter Mazariegos en la USAC,Quorum,UCE4rsXcgDb6e1-a9iTbWzfg,@RauldejesusOlivagonzalez,UC32oozucwCF3q8d4m8fyOUg,La pregunta  es.quetanto poder tiene ese delicuente de. Masariego  porque es impone ese indibidodespierte amigo unibersitarios que pasa,@quorumgt/videos,channel,quorum_complete_comments.csv | youtube_guatemala_plus_comments.csv,/@RauldejesusOlivagonzalez,hace 6 meses, ,0,False,,,La pregunta  es.quetanto poder tiene ese delicuente de. Masariego  porque es impone ese indibidodespierte amigo unibersitarios que pasa,pregunta quetanto delicuente masariego imponer indibidodespierte amigo unibersitario pasar,NEG,0.8749880194664001,0.11868913471698761,0.006322893314063549
n8iP75gIpmw,UgzWNJK42U_F1IKlwwh4AaABAg,Qué rico come tu diputado,Quorum,UCE4rsXcgDb6e1-a9iTbWzfg,@davidgaher9550,UCvApqeCbLod-wejtT4CcVuA,"Prepotente todavía, ni vergüenza tienen, gastar como no les cuesta nada deberían pagarlo con sus propio sueldo",@quorumgt/videos,channel,quorum_complete_comments.csv | youtube_guatemala_plus_comments.csv,/@davidgaher9550,hace 2 años,15,0,False,,15.0,"Prepotente todavía, ni vergüenza tienen, gastar como no les cuesta nada deberían pagarlo con sus propio sueldo",prepotente vergüenza gastar costar deber pagar él sueldo,NEG,0.9662943482398987,0.025103511288762093,0.008602139540016651
JkpVO1hx2f8,UgzWs20muY6Ghm9Z7094AaABAg,10 Preguntas a un año del Paro Nacional,Quorum,UCE4rsXcgDb6e1-a9iTbWzfg,@noemiherrera3152,UCHGd14aYuZZShLD73dkk6mg,Fue emocionante! ❤🥹,@quorumgt/videos,channel,quorum_complete_comments.csv | youtube_guatemala_plus_comments.csv,/@noemiherrera3152,hace 1 año, ,0,False,,,Fue emocionante! ❤🥹,emocionante,POS,0.04664485156536102,0.19163629412651062,0.7617189288139343
n8iP75gIpmw,UgzXDN6uNEworKy3uqZ4AaABAg,Qué rico come tu diputado,Quorum,UCE4rsXcgDb6e1-a9iTbWzfg,@JavierBecerra-h6x,UCiMythXHsw7eQEMykCdmMUA,"Con la venta de fertilizantes se repone todo lo gastado y queda ganancia todavía, dice que tiene 40 agroservicios.",@quorumgt/videos,channel,quorum_complete_comments.csv | youtube_guatemala_plus_comments.csv,/@JavierBecerra-h6x,hace 2 años,2,0,False,,2.0,"Con la venta de fertilizantes se repone todo lo gastado y queda ganancia todavía, dice que tiene 40 agroservicios.",venta fertilizant reponer gastado quedar ganancia agroservicio,NEU,0.023087574169039726,0.6439618468284607,0.33295050263404846
j43HgwYFKfk,UgzYz6n8mPI0dBWsP2h4AaABAg,La cooptación de Walter Mazariegos en la USAC,Quorum,UCE4rsXcgDb6e1-a9iTbWzfg,@Tommii.10,UC-fiZBS5Gp1eCJd9ucgWnCg,Hay que sacar a como de lugar a estos 37 miembros del consejo que cumplieron su tiempo y colocar una denuncia penal contra estos que están usurpado los cargos en el CSU,@quorumgt,topic,j43HgwYFKfk_out_comments.csv | quorum_complete_comments.csv | youtube_guatemala_plus_comments.csv,/@Tommii.10,hace 1 año,6,0,False,,6.0,Hay que sacar a como de lugar a estos 37 miembros del consejo que cumplieron su tiempo y colocar una denuncia penal contra estos que están usurpado los cargos en el CSU,sacar lugar miembro consejo cumplir tiempo colocar denuncia penal usurpar cargo csu,NEG,0.5209760665893555,0.43403390049934387,0.044990021735429764
b_Hkrkl3adA,UgzZMPOIKJlwEpgh7zd4AaABAg,Bloqueos en Guatemala este 31 de agosto por alza en combustibles afectan rutas principales,PrensaLibreOficial,UCEepOY2svuxbsJ-zsAPT9Fg,@lazarochavez8269,UC5PrBbmUlQolwqmiru7yZhw,Porque estan aciendo protestas si la gasolina aun subira mas de precio yo claro les edicho que si Nosotros perdemos la guerra Con Irán 🇮🇷 ustedes países como Mexico Guatemala todos los países del mundo 🌎no podrán comprar gasolina porque el galón subira $10. por galón cuánto es esto en tu país es mucho dinero saludos desde mi hermoso país 🇺🇸🇺🇸💵🦅🇺🇸🇺🇸♥️,guatemala noticias,topic,debug_comments_fixed2_comments.csv | youtube_guatemala_comments.csv | youtube_guatemala_plus_comments.csv,/@lazarochavez8269,hace 5 horas, ,1,False,,,Porque estan aciendo protestas si la gasolina aun subira mas de precio yo claro les edicho que si Nosotros perdemos la guerra Con Irán 🇮🇷 ustedes países como Mexico Guatemala todos los países del mundo 🌎no podrán comprar gasolina porque el galón subira $10. por galón cuánto es esto en tu país es mucho dinero saludos desde mi hermoso país 🇺🇸🇺🇸💵🦅🇺🇸🇺🇸♥️,aceir protesta gasolina subirar precio edecir perder guerra irán país mexico guatemala país mundo comprar gasolina galón subira galón país dinero saludo hermoso país,NEG,0.782791018486023,0.20706214010715485,0.010146784596145153
b_Hkrkl3adA,UgzZMPOIKJlwEpgh7zd4AaABAg.AaB6SZj2UadAaBRkGrUAJI,Bloqueos en Guatemala este 31 de agosto por alza en combustibles afectan rutas principales,PrensaLibreOficial,UCEepOY2svuxbsJ-zsAPT9Fg,@CelestinoQuej-j7k,UC094EFEmMSdwVa8NQjjYBXg,Pero ay que entender esta a 10 o un poco MAs de impuesto x galon en en Guatemala,guatemala noticias,topic,debug_comments_fixed2_comments.csv | youtube_guatemala_comments.csv | youtube_guatemala_plus_comments.csv,/@CelestinoQuej-j7k,hace 2 horas, ,0,False,,,Pero ay que entender esta a 10 o un poco MAs de impuesto x galon en en Guatemala,ay entender impuesto x galon guatemala,NEU,0.18777567148208618,0.7816058993339539,0.03061842918395996
b_Hkrkl3adA,UgzZMPOIKJlwEpgh7zd4AaABAg.AaB6SZj2UadAaCH5adXxCo,Bloqueos en Guatemala este 31 de agosto por alza en combustibles afectan rutas principales,PrensaLibreOficial,UCEepOY2svuxbsJ-zsAPT9Fg,@JoséLopez-g6k,UCGm3gRBEHGRJYmtCryZLtDw,Pues  dile a tu presidente que deje de andar haciendo guerra a lo baboseo .,guatemala noticias,topic,youtube_guatemala_comments.csv | youtube_guatemala_plus_comments.csv,/@Jos%C3%A9Lopez-g6k,hace 13 horas, ,0,False,,,Pues  dile a tu presidente que deje de andar haciendo guerra a lo baboseo .,dile presidente dejar andar guerra baboseo,NEG,0.856900691986084,0.10553331673145294,0.03756598383188248
lj983NWyAQY,UgzZc-W-gVj1t4SXc-54AaABAg,Plan 2032 Ciudad de Guatemala,Municipalidad de Guatemala,UCXa6LVjBzUtmcM3cwbd9e2w,@kingr4706,UCwUAv3_LpWVtTIi7lkmTL7A,"Sería muy bueno que hicieran eso, y que también mejoren muchas cosas no solo en la capital. Ojalá antes lo hagan.
Vamos Guate, saldremos adelante con pasos pequeño pero firmes 🇬🇹❤️🇬🇹",Municipalidad de Guatemala,topic,lj983NWyAQY_out_comments.csv | youtube_guatemala_plus_comments.csv,/@kingr4706,hace 6 años,16,0,False,,16.0,"Sería muy bueno que hicieran eso, y que también mejoren muchas cosas no solo en la capital. Ojalá antes lo hagan.
Vamos Guate, saldremos adelante con pasos pequeño pero firmes 🇬🇹❤️🇬🇹",hacer mejorar cosa capital ojalá hacer guate salir paso pequeño firme,POS,0.02760772593319416,0.3168785870075226,0.6555137634277344
n8iP75gIpmw,UgzaTUgOy4ekC0xQoFt4AaABAg,Qué rico come tu diputado,Quorum,UCE4rsXcgDb6e1-a9iTbWzfg,@ManuelEdran,UC5H8ASmMC9WrURmzeB4ySog,Es su obligacion trabajar...no se aproveche,@quorumgt/videos,channel,quorum_complete_comments.csv | youtube_guatemala_plus_comments.csv,/@ManuelEdran,hace 2 años,1,0,False,,1.0,Es su obligacion trabajar...no se aproveche,obligacion trabajar aprovechar,NEU,0.32614365220069885,0.6006971597671509,0.07315919548273087
ndAZjHqzzT8,UgzaWev1Ju6338Y7Ehl4AaABAg,Internet: escoger el menos malo,Quorum,UCE4rsXcgDb6e1-a9iTbWzfg,@allanreneramirezgonzalez534,UC5wuDq3U3vRAhOQI3D7gNdw,"Excelente informacion, me suscribí al canal por una publicacion en FB",@quorumgt/videos,channel,quorum_complete_comments.csv | youtube_guatemala_plus_comments.csv,/@allanreneramirezgonzalez534,hace 2 años,2,1,False,,2.0,"Excelente informacion, me suscribí al canal por una publicacion en FB",excelente informacion suscribir canal publicacion fb,POS,0.00626634806394577,0.17094412446022034,0.8227896094322205
ndAZjHqzzT8,UgzaWev1Ju6338Y7Ehl4AaABAg.A3Wof66r37mA3WrEtkJyep,Internet: escoger el menos malo,Quorum,UCE4rsXcgDb6e1-a9iTbWzfg,@hashojea7348,UCvcu1kR8xMYy_I1Ty-2mV2Q,Me pasó,@quorumgt/videos,channel,quorum_complete_comments.csv | youtube_guatemala_plus_comments.csv,/@hashojea7348,hace 2 años, ,0,False,,,Me pasó,pasar,NEU,0.35225385427474976,0.5289639830589294,0.11878219246864319
n8iP75gIpmw,Ugzb66mq9Rv0T7aalfJ4AaABAg,Qué rico come tu diputado,Quorum,UCE4rsXcgDb6e1-a9iTbWzfg,@MrDuenderojo,UCXXh7yg5KUFIWylTiKVEFKQ,El poeta de el diablo el portillo... y no que muy honesto el pastorcito  pues......,@quorumgt/videos,channel,quorum_complete_comments.csv | youtube_guatemala_plus_comments.csv,/@MrDuenderojo,hace 2 años,1,0,False,,1.0,El poeta de el diablo el portillo... y no que muy honesto el pastorcito  pues......,poeta diablo portillo honesto pastorcito,NEG,0.6570690870285034,0.26801732182502747,0.07491361349821091
n8iP75gIpmw,UgzcJTEHjaN8bEV8Hfd4AaABAg,Qué rico come tu diputado,Quorum,UCE4rsXcgDb6e1-a9iTbWzfg,@marioajset4283,UC3XTwHxygNCgjndsg-UiCQA,"Julio Héctor Estrada, que triste que inconsciencia.",@quorumgt/videos,channel,quorum_complete_comments.csv | youtube_guatemala_plus_comments.csv,/@marioajset4283,hace 2 años,1,0,False,,1.0,"Julio Héctor Estrada, que triste que inconsciencia.",julio héctor estrado tristir inconscienciar,NEG,0.9800772070884705,0.015663350000977516,0.0042594741098582745
n8iP75gIpmw,UgzcVyiuFGJ0Yv0C4Zt4AaABAg,Qué rico come tu diputado,Quorum,UCE4rsXcgDb6e1-a9iTbWzfg,@nestorlorenzana1168,UCsJJAvrVGupdmhOqgtDp8dg,Mentiras los diputados no ganan Q25mil......Ellos ganan Q45mil....no sea mentiroso,@quorumgt/videos,channel,quorum_complete_comments.csv | youtube_guatemala_plus_comments.csv,/@nestorlorenzana1168,hace 2 años,1,0,False,,1.0,Mentiras los diputados no ganan Q25mil......Ellos ganan Q45mil....no sea mentiroso,mentira diputado ganar q25mil ganar q45mil mentiroso,NEG,0.6038225293159485,0.35269296169281006,0.04348454624414444
n8iP75gIpmw,Ugzd2CVlJWOmHWBPSkN4AaABAg,Qué rico come tu diputado,Quorum,UCE4rsXcgDb6e1-a9iTbWzfg,@MegaKristenstewart,UCQ_-LPP8JAbfkc-b1Q6NvWw,Diputados ladrones sin verguenza por eso guate nunca va salir adelante que pena.,@quorumgt/videos,channel,quorum_complete_comments.csv | youtube_guatemala_plus_comments.csv,/@MegaKristenstewart,hace 2 años, ,0,False,,,Diputados ladrones sin verguenza por eso guate nunca va salir adelante que pena.,diputado ladrón verguenza guatar salir penar,NEG,0.9763292074203491,0.016544461250305176,0.007126282434910536
n8iP75gIpmw,UgzeCbhVJhOJATewi5J4AaABAg,Qué rico come tu diputado,Quorum,UCE4rsXcgDb6e1-a9iTbWzfg,@JosueRamirez-ey3ih,UCtNfIBnc5S5DbbQj_yxgJTw,Mantenidos,@quorumgt/videos,channel,quorum_complete_comments.csv | youtube_guatemala_plus_comments.csv,/@JosueRamirez-ey3ih,hace 2 años,1,0,False,,1.0,Mantenidos,mantenido,NEU,0.43059712648391724,0.4702312648296356,0.09917157143354416
6W4u8sGEnGM,UgzfLTatI6lJD6Z_u_94AaABAg,Inician los trabajos de recuperación del Puente Belice II.,Gobierno de la República de Guatemala,UC-ZtFBHzgkYFh7whZkuR_Ag,@AlbertoMancilla-p9h,UC-Iul5tDYH_oiAMXQH-KaaQ,Wooooooooooooooooooooooooow calidad va llegará el tren asta izabal puerto Barrios el Atlántico y pacifico va ser súper lindo proyecto va ver mucho trabajo en el país saludos desde USA 🇺🇸 🎉,Gobierno de la República de Guatemala,topic,youtube_guatemala_plus_comments.csv | youtube_lab_targets_small_comments.csv,/@AlbertoMancilla-p9h,hace 6 días,1,0,False,,1.0,Wooooooooooooooooooooooooow calidad va llegará el tren asta izabal puerto Barrios el Atlántico y pacifico va ser súper lindo proyecto va ver mucho trabajo en el país saludos desde USA 🇺🇸 🎉,wooooooooooooooooooooooooow calidad llegar tren asta izabal puerto barrio atlántico pacifico súper lindo proyecto trabajo país saludo,POS,0.005019481293857098,0.0703149288892746,0.924665629863739
WIUZtitfLRw,UgzfXuFsM8L3Qt6qWJV4AaABAg,Caminar en una ciudad hecha para carros,Quorum,UCE4rsXcgDb6e1-a9iTbWzfg,@ZabalaXabier,UCyW68EGZey4ao_Vf2cR5Ztg,"Y los popos por las calles, humanos y de perros principalmente, nadie los limpia, un problema de seguridad vial y de salud pública. Hay que hacer algo más por los peatones.",@quorumgt/videos,channel,quorum_complete_comments.csv | youtube_guatemala_plus_comments.csv,/@ZabalaXabier,hace 1 año, ,0,False,,,"Y los popos por las calles, humanos y de perros principalmente, nadie los limpia, un problema de seguridad vial y de salud pública. Hay que hacer algo más por los peatones.",popo calle humano perro principalmente limpia problema seguridad vial salud público peatón,NEG,0.9561845660209656,0.03722447156906128,0.0065910061821341515
OkXlHx0hx-8,Ugzfc9D5wlSKYgY5Jrh4AaABAg,EE.UU. envía a mexicanos deportados a Guatemala antes de su regreso a México | Noticias Telemundo,Noticias Telemundo,UCRwA1NUcUnwsly35ikGhp0A,@MariaNavarroYT,UCZjm6U576nX8WOiLhmMR3bw,Cuantas maldad😢😢😢,guatemala noticias,topic,youtube_guatemala_comments.csv | youtube_guatemala_plus_comments.csv,/@MariaNavarroYT,hace 1 día,3,1,False,,3.0,Cuantas maldad😢😢😢,maldad,NEG,0.7651814222335815,0.21747557818889618,0.017343074083328247
OkXlHx0hx-8,Ugzfc9D5wlSKYgY5Jrh4AaABAg.Aa9bbFyRF_AAaB_C3DtL_L,EE.UU. envía a mexicanos deportados a Guatemala antes de su regreso a México | Noticias Telemundo,Noticias Telemundo,UCRwA1NUcUnwsly35ikGhp0A,@eugeneramirez4405,UCi2KiZq63sRq8Mfbcp-MelQ,Mexico deports people all the time! So. Why is this different??,guatemala noticias,topic,youtube_guatemala_comments.csv | youtube_guatemala_plus_comments.csv,/@eugeneramirez4405,hace 20 horas,1,0,False,,1.0,Mexico deports people all the time! So. Why is this different??,mexico deports peoplir all the time so why is this different,NEG,0.8806573152542114,0.09981242567300797,0.019530214369297028
j43HgwYFKfk,Ugzhc5zg6rDOR3ltTAZ4AaABAg,La cooptación de Walter Mazariegos en la USAC,Quorum,UCE4rsXcgDb6e1-a9iTbWzfg,@javiercifuentesarchila6041,UC_LYoGs5C3mbZKZuKuqYCvw,Gracias por explicarlo!,@quorumgt,topic,j43HgwYFKfk_out_comments.csv | quorum_complete_comments.csv | youtube_guatemala_plus_comments.csv,/@javiercifuentesarchila6041,hace 1 año,7,0,False,,7.0,Gracias por explicarlo!,gracias explicar él,POS,0.030125834047794342,0.24646419286727905,0.7234099507331848
6W4u8sGEnGM,UgzhjFXjeUslGQMZ7KB4AaABAg,Inician los trabajos de recuperación del Puente Belice II.,Gobierno de la República de Guatemala,UC-ZtFBHzgkYFh7whZkuR_Ag,@BernerSoza-mg3vx,UCRfkkatKrNtAARnXMMYBGlA,Que se termine la corrupcion para construier obras como estas  correjir el pais mano dura,Gobierno de la República de Guatemala,topic,youtube_guatemala_plus_comments.csv | youtube_lab_targets_small_comments.csv,/@BernerSoza-mg3vx,hace 5 días, ,0,False,,,Que se termine la corrupcion para construier obras como estas  correjir el pais mano dura,terminar corrupcion construier obra correjir pais mano duro,NEG,0.7939881086349487,0.17382857203483582,0.03218329697847366
n8iP75gIpmw,UgzhtSisQXcyX7bqkzB4AaABAg,Qué rico come tu diputado,Quorum,UCE4rsXcgDb6e1-a9iTbWzfg,@oswaldosolis8728,UCA93ym2TXs_Ibyxb4Vcn-6Q,"Tiene razón el diputado, le dan importancia a babosaditas",@quorumgt/videos,channel,quorum_complete_comments.csv | youtube_guatemala_plus_comments.csv,/@oswaldosolis8728,hace 2 años, ,0,False,,,"Tiene razón el diputado, le dan importancia a babosaditas",razón diputado importancia babosadita,NEG,0.9514305591583252,0.03648284077644348,0.012086665257811546
n8iP75gIpmw,Ugzi82q6lRyjtKUL5lV4AaABAg,Qué rico come tu diputado,Quorum,UCE4rsXcgDb6e1-a9iTbWzfg,@Aura-vf6dm,UCAmtbUiIrUIhikru0ZoTFig,SON CÍNICOS,@quorumgt/videos,channel,quorum_complete_comments.csv | youtube_guatemala_plus_comments.csv,/@Aura-vf6dm,hace 2 años,7,0,False,,7.0,SON CÍNICOS,cínico,NEG,0.898205041885376,0.07795652002096176,0.023838473483920097
n8iP75gIpmw,Ugzin8yr1Zz1k47GsSp4AaABAg,Qué rico come tu diputado,Quorum,UCE4rsXcgDb6e1-a9iTbWzfg,@domingopeneleu6457,UCr1emrogPKkKTs_WTtx71xg,Ay ricos shucos en la calle jajaja,@quorumgt/videos,channel,quorum_complete_comments.csv | youtube_guatemala_plus_comments.csv,/@domingopeneleu6457,hace 2 años, ,0,False,,,Ay ricos shucos en la calle jajaja,ay rico shuco calle jajajo,NEG,0.4353412985801697,0.42012134194374084,0.14453738927841187
lj983NWyAQY,UgzjFGboqNxQ7BcH0bZ4AaABAg,Plan 2032 Ciudad de Guatemala,Municipalidad de Guatemala,UCXa6LVjBzUtmcM3cwbd9e2w,@jimmygomez724,UCRznz9-N3Qc1w-qNdLSIY2Q,Hermosa cuidad de guatemala saludos desde el salvador,Municipalidad de Guatemala,topic,lj983NWyAQY_out_comments.csv | youtube_guatemala_plus_comments.csv,/@jimmygomez724,hace 6 años,14,0,False,,14.0,Hermosa cuidad de guatemala saludos desde el salvador,hermoso cuidad guatemala saludo salvador,POS,0.006863815244287252,0.07084497809410095,0.9222912788391113
lj983NWyAQY,UgzjqVqTKYeOrM1kW0F4AaABAg,Plan 2032 Ciudad de Guatemala,Municipalidad de Guatemala,UCXa6LVjBzUtmcM3cwbd9e2w,@maynorcalel1442,UCY7Hq7F9Lnucf-Yr6JkHZNw,Primero Dios,Municipalidad de Guatemala,topic,lj983NWyAQY_out_comments.csv | youtube_guatemala_plus_comments.csv,/@maynorcalel1442,hace 7 años,79,0,False,,79.0,Primero Dios,dio,NEU,0.2007528394460678,0.570614218711853,0.2286328822374344
OkXlHx0hx-8,Ugzk5XnOVKoVj8FiOCB4AaABAg,EE.UU. envía a mexicanos deportados a Guatemala antes de su regreso a México | Noticias Telemundo,Noticias Telemundo,UCRwA1NUcUnwsly35ikGhp0A,@mariaalexander427,UC-QOpE7GOxlXcHZ8b7HbQKA,Y??? Entraron ilegalmente a un pais AJENO!! No tenemos obligacion de dejarlos en las puertas de sus ranchos! Problema de otro gobierno!🇺🇸💪🗽⚖️✈️✈️✈️,guatemala noticias,topic,youtube_guatemala_comments.csv | youtube_guatemala_plus_comments.csv,/@mariaalexander427,hace 1 día, ,0,False,,,Y??? Entraron ilegalmente a un pais AJENO!! No tenemos obligacion de dejarlos en las puertas de sus ranchos! Problema de otro gobierno!🇺🇸💪🗽⚖️✈️✈️✈️,entrar ilegalmente pais ajeno obligacion dejar él puerta rancho problema gobierno,NEG,0.6866455078125,0.29417169094085693,0.019182881340384483
n8iP75gIpmw,UgzlqevYeQWpdUl_KON4AaABAg,Qué rico come tu diputado,Quorum,UCE4rsXcgDb6e1-a9iTbWzfg,@josehidalgo4875,UCjSKM9j0Q7HLDr1hD6D-TUw,Solo lo que sale a luz se da cuenta el pueblo de lo que hasen estos malvados y lo que hasen a escondidas quien les dise algo estos bien bien comidos y el pueblo que en eso yo mismo se los e dicho que el que sale beneficiado en todo es el político ustedes creen que se preocupan x el pueblo yo siempre les e dicho que solo las sobras le dejan al pueblo x que esta clase de gente solo tiene que ver primero sus intereses y lo demás les vale madre,@quorumgt/videos,channel,quorum_complete_comments.csv | youtube_guatemala_plus_comments.csv,/@josehidalgo4875,hace 2 años,2,0,False,,2.0,Solo lo que sale a luz se da cuenta el pueblo de lo que hasen estos malvados y lo que hasen a escondidas quien les dise algo estos bien bien comidos y el pueblo que en eso yo mismo se los e dicho que el que sale beneficiado en todo es el político ustedes creen que se preocupan x el pueblo yo siempre les e dicho que solo las sobras le dejan al pueblo x que esta clase de gente solo tiene que ver primero sus intereses y lo demás les vale madre,salir luz pueblo har malvado har escondidas disar comido pueblo salir beneficiado político creer preocupar x pueblo sobra dejar pueblo x clase gente interés valer madre,NEG,0.9535322189331055,0.04025759920477867,0.006210218649357557
06mFNPU0aB8,Ugzm7wFhhdctNQt_ubl4AaABAg,Capturan a presuntos delincuentes disfrazados de mujer señalados de cometer asalto,Noti7,UCVpSRoZgngfSL03Nlbjtq9A,@JessicaHuaz-96,UCwCfs-2zbD5k0lG-UVg_JBw,Al fin hicieron algo bueno los polis👏👏👏👏👏,guatemala noticias,topic,youtube_guatemala_comments.csv | youtube_guatemala_plus_comments.csv,/@JessicaHuaz-96,hace 2 semanas, ,0,False,,,Al fin hicieron algo bueno los polis👏👏👏👏👏,poli,POS,0.0684882253408432,0.37976402044296265,0.551747739315033
n8iP75gIpmw,UgzmBKXDgncBFsDjRwd4AaABAg,Qué rico come tu diputado,Quorum,UCE4rsXcgDb6e1-a9iTbWzfg,@osmanmorales3012,UC72gBAtyb_VXQlYDcFrh6oQ,Siempre tienen excusa,@quorumgt/videos,channel,quorum_complete_comments.csv | youtube_guatemala_plus_comments.csv,/@osmanmorales3012,hace 2 años,1,0,False,,1.0,Siempre tienen excusa,excusa,NEG,0.6671794652938843,0.29404357075691223,0.038776934146881104
PjmxCj-a9Hg,UgzmBVMoFVO53-_ZZ-54AaABAg,Conferencia de Prensa del Gobierno de Guatemala. #LaRondaGt,Gobierno de la República de Guatemala,UC-ZtFBHzgkYFh7whZkuR_Ag,@NormaLópez-v7e,UC8xlJWNHz1V_W6q3fbuQH8g,Excelente señor ministro.,@GobiernodeGuatemala,topic,PjmxCj-a9Hg_out_comments.csv | youtube_guatemala_plus_comments.csv,/@NormaL%C3%B3pez-v7e,hace 1 año,1,0,False,,1.0,Excelente señor ministro.,excelente señor ministro,POS,0.023982642218470573,0.08837530016899109,0.8876421451568604
6W4u8sGEnGM,UgzpHaLJJjoD9FnKO6p4AaABAg,Inician los trabajos de recuperación del Puente Belice II.,Gobierno de la República de Guatemala,UC-ZtFBHzgkYFh7whZkuR_Ag,@Murmullodelbarrio,UCyJhqmMbsvjpoarBBStA2kg,Viva nuestra Guatemala bendita y viva nuestro presidente Bernardo Arévalo,Gobierno de la República de Guatemala,topic,youtube_guatemala_plus_comments.csv | youtube_lab_targets_small_comments.csv,/@Murmullodelbarrio,hace 6 días,5,0,False,,5.0,Viva nuestra Guatemala bendita y viva nuestro presidente Bernardo Arévalo,vivir guatemala bendito vivir presidente bernardo arévalo,POS,0.012749658897519112,0.09586736559867859,0.8913830518722534
PjmxCj-a9Hg,UgzpdnDQDBV6UZ96GZh4AaABAg,Conferencia de Prensa del Gobierno de Guatemala. #LaRondaGt,Gobierno de la República de Guatemala,UC-ZtFBHzgkYFh7whZkuR_Ag,@srms70,UCgQJgI9vu1FI2dnC9mrFthw,NO QUEREMOS EL TREN MAYA EN GUATEMALA,@GobiernodeGuatemala,topic,PjmxCj-a9Hg_out_comments.csv | youtube_guatemala_plus_comments.csv,/@srms70,hace 1 año,2,0,False,,2.0,NO QUEREMOS EL TREN MAYA EN GUATEMALA,tren maya guatemala,NEG,0.9006651639938354,0.07787031680345535,0.021464543417096138
n8iP75gIpmw,UgzpzyaFY6F6IdFxzk14AaABAg,Qué rico come tu diputado,Quorum,UCE4rsXcgDb6e1-a9iTbWzfg,@kanterra4584,UCLFdHr9BEbXHkoJopbEPLZw,Por lo general es así cuando los sujetos provienen de bajos estratos de la sociedad y son tirados con honda.,@quorumgt/videos,channel,quorum_complete_comments.csv | youtube_guatemala_plus_comments.csv,/@kanterra4584,hace 2 años,11,0,False,,11.0,Por lo general es así cuando los sujetos provienen de bajos estratos de la sociedad y son tirados con honda.,general sujeto provenir bajo estrato sociedad tirar honda,NEG,0.6496434807777405,0.3369031548500061,0.013453297317028046
n8iP75gIpmw,UgzrrbkpudLqNqr7s6R4AaABAg,Qué rico come tu diputado,Quorum,UCE4rsXcgDb6e1-a9iTbWzfg,@Joseroland21,UCRETAiYdh2dL5ZxB0_N1zDA,"A todos no a unos si 😂
Mejor no hubiera se hubiera entrevistado. 😂

Un calcetín el
Señor. Abre la boca y meta la pata",@quorumgt/videos,channel,quorum_complete_comments.csv | youtube_guatemala_plus_comments.csv,/@Joseroland21,hace 2 años, ,0,False,,,"A todos no a unos si 😂
Mejor no hubiera se hubiera entrevistado. 😂

Un calcetín el
Señor. Abre la boca y meta la pata",haber haber entrevistar calcetín señor abrir boca meta pata,NEG,0.7819766998291016,0.2059229016304016,0.012100476771593094
lj983NWyAQY,Ugzs8eXa8mdQ8wlS4FZ4AaABAg,Plan 2032 Ciudad de Guatemala,Municipalidad de Guatemala,UCXa6LVjBzUtmcM3cwbd9e2w,@bryansicasales4280,UCi-vPdnpQreC7BkFs40mJGA,"Es un proyecto extraordinario , vamos adelante mi guate hermosa!",Municipalidad de Guatemala,topic,lj983NWyAQY_out_comments.csv | youtube_guatemala_plus_comments.csv,/@bryansicasales4280,hace 7 años,35,0,False,,35.0,"Es un proyecto extraordinario , vamos adelante mi guate hermosa!",proyecto extraordinario guate hermoso,POS,0.002412420930340886,0.01956968940794468,0.9780178666114807
PjmxCj-a9Hg,UgztKpwRx20oET8wGLJ4AaABAg,Conferencia de Prensa del Gobierno de Guatemala. #LaRondaGt,Gobierno de la República de Guatemala,UC-ZtFBHzgkYFh7whZkuR_Ag,@virgiliogarcia3039,UCHTGCgY2l-DQJIvlA_cpa_Q,Con mucho Respeto  sen̈or presidente lo saludo y que Dios los vendiga lo unico que le pido que mencione y hagan algo por la seguridad del pais ya que siguen matando personas trabajadores y honrradas hagan algo con esos delincuentes .,@GobiernodeGuatemala,topic,PjmxCj-a9Hg_out_comments.csv | youtube_guatemala_plus_comments.csv,/@virgiliogarcia3039,hace 1 año,1,0,False,,1.0,Con mucho Respeto  sen̈or presidente lo saludo y que Dios los vendiga lo unico que le pido que mencione y hagan algo por la seguridad del pais ya que siguen matando personas trabajadores y honrradas hagan algo con esos delincuentes .,respeto sen or presidente saludo dios vendigar unico pedir mencionir hacer seguridad pais seguir matar persona trabajador honrrada hacer delincuente,NEG,0.7728756070137024,0.17624589800834656,0.050878509879112244
PjmxCj-a9Hg,UgzuugQO6qMSbkVsdGp4AaABAg,Conferencia de Prensa del Gobierno de Guatemala. #LaRondaGt,Gobierno de la República de Guatemala,UC-ZtFBHzgkYFh7whZkuR_Ag,@aureliomaldonado4793,UCtNyHmRZtvGF2hSvI2dUBWw,Pregúntenle si se acuerda de la marca del vino que se toma todos los días,@GobiernodeGuatemala,topic,PjmxCj-a9Hg_out_comments.csv | youtube_guatemala_plus_comments.csv,/@aureliomaldonado4793,hace 1 año,1,0,False,,1.0,Pregúntenle si se acuerda de la marca del vino que se toma todos los días,pregúntenle acordar marca vino tomar,NEU,0.055426329374313354,0.88524329662323,0.05933037027716637
n8iP75gIpmw,UgzvKLXKEkVzjn_XRHp4AaABAg,Qué rico come tu diputado,Quorum,UCE4rsXcgDb6e1-a9iTbWzfg,@alvaroesquivel563,UCsjs5Hp_r86x1xbK6FAeqaA,Eso es exactamente lo que significa la verdadera politica: dividirse la riqueza del país entre unos cuantos. Sólo se puede guardar por todos estos delincuentes políticos un sentimiento de vivisima repugnancia.-,@quorumgt/videos,channel,quorum_complete_comments.csv | youtube_guatemala_plus_comments.csv,/@alvaroesquivel563,hace 2 años,2,0,False,,2.0,Eso es exactamente lo que significa la verdadera politica: dividirse la riqueza del país entre unos cuantos. Sólo se puede guardar por todos estos delincuentes políticos un sentimiento de vivisima repugnancia.-,exactamente significar politico dividir él riqueza país guardar delincuente político sentimiento vivisimo repugnancia,NEG,0.9698033332824707,0.02565770223736763,0.00453892583027482
lj983NWyAQY,UgzwvEpQc3M_AWvNDad4AaABAg,Plan 2032 Ciudad de Guatemala,Municipalidad de Guatemala,UCXa6LVjBzUtmcM3cwbd9e2w,@WalksandSuch,UCRcSR3Lvn9DZAmJpVPANfZQ,muy padre. saludos desde mexico.,Municipalidad de Guatemala,topic,lj983NWyAQY_out_comments.csv | youtube_guatemala_plus_comments.csv,/@WalksandSuch,hace 7 años,68,0,False,,68.0,muy padre. saludos desde mexico.,padre saludo mexico,POS,0.005133633967489004,0.025574225932359695,0.969292163848877
n8iP75gIpmw,Ugzx7TTfRu5S-pT0LuZ4AaABAg,Qué rico come tu diputado,Quorum,UCE4rsXcgDb6e1-a9iTbWzfg,@eusebiovasquez4385,UCz3gu01bmjNv0DpRq-K3XYg,Pero que estará aportando éste delincuente,@quorumgt/videos,channel,quorum_complete_comments.csv | youtube_guatemala_plus_comments.csv,/@eusebiovasquez4385,hace 2 años,1,0,False,,1.0,Pero que estará aportando éste delincuente,aportar delincuente,NEG,0.6484339833259583,0.322298139333725,0.02926792949438095
PjmxCj-a9Hg,UgzxhrnRAMNePfy6u7J4AaABAg,Conferencia de Prensa del Gobierno de Guatemala. #LaRondaGt,Gobierno de la República de Guatemala,UC-ZtFBHzgkYFh7whZkuR_Ag,@ronaldgarcia8522,UCGX_UbAQOXGZknv5iqklwTA,Este hombre esta loco,@GobiernodeGuatemala,topic,PjmxCj-a9Hg_out_comments.csv | youtube_guatemala_plus_comments.csv,/@ronaldgarcia8522,hace 1 año,1,0,False,,1.0,Este hombre esta loco,hombre loco,NEU,0.32899588346481323,0.35480886697769165,0.3161952495574951
n8iP75gIpmw,UgzzpE27HS1dmWfyATJ4AaABAg,Qué rico come tu diputado,Quorum,UCE4rsXcgDb6e1-a9iTbWzfg,@normaleticiaorozcojuarez2418,UC-hfX8J5JPJ-dfuakzegMLA,"Si son asesores los que participan en las mesas de trabajo, ellos también tienen buenos sueldos y pueden costear sus gastos personales, jamás con el sueldo de  los Diputados y menos con recursos del pueblo, hay que ser  verdaderamente CABAL. Con respecto a el trabajo que realizan , cualquier proyecto que sea  y en sus diferentes etapas, considero que lo hace porque le gusta  y se siente realizado, se le recuerda que no es gratis, reciben un sueldo y que los compromisos laborales no se resuelven en un restaurante,  para eso están oficinas, las reuniones  en estos lugares es más convivencia que trabajo.  Que Dios les ilumine.",@quorumgt/videos,channel,quorum_complete_comments.csv | youtube_guatemala_plus_comments.csv,/@normaleticiaorozcojuarez2418,hace 2 años (editado),6,0,False,,6.0,"Si son asesores los que participan en las mesas de trabajo, ellos también tienen buenos sueldos y pueden costear sus gastos personales, jamás con el sueldo de  los Diputados y menos con recursos del pueblo, hay que ser  verdaderamente CABAL. Con respecto a el trabajo que realizan , cualquier proyecto que sea  y en sus diferentes etapas, considero que lo hace porque le gusta  y se siente realizado, se le recuerda que no es gratis, reciben un sueldo y que los compromisos laborales no se resuelven en un restaurante,  para eso están oficinas, las reuniones  en estos lugares es más convivencia que trabajo.  Que Dios les ilumine.",asesor participar mesa trabajo sueldo costear gasto personal jamás sueldo diputado recurso pueblo verdaderamente cabal trabajo realizar proyecto etapa considero gustar sentir recordar gratis recibir sueldo compromiso laboral resolver restaurante oficina reunión lugar convivencia trabajar dio iluminir,POS,0.04954560473561287,0.3270363509654999,0.6234180331230164
